comp_num,route,comp_zone,comp_side,comp_grade,comp_points,mp_rating,mp_type,mp_stars,length_ft,zack_2026,grade_votes,crowd_grade_delta,first_try_rate,first_try_vs_peers,soft_mentions,stiff_mentions,polish_mentions,reach_mentions,crowd_grade_pts,points_bargain,softness_score,verdict,mp_url,match,area,lat,lon,comp_style,comp_height_ft,walk_order,aspect,aspect_basis,sun_window_late_sept,sun_pattern,area_sun_note,route_sun_notes
1,"When It Rains, It Pours",The Park,Valley Floor,5.10a,160,,,,,,,,,,,,,,,,0.0,no data,,not on MP,The Park,36.00179,-93.29125,trad,25,0.1,shade,MP,mostly shaded,shaded (trees/terrain add shade),Shady jumble of boulders by the Trading Co. (MP).,
3,Lizard of Oz,The Park,Valley Floor,5.12a,350,5.12-,Sport,3.0,30,,2,,,,0,0,0,0,,,0.0,on grade,https://www.mountainproject.com/route/119795189,name,The Park,36.00179,-93.29125,sport,25,0.11,shade,MP,mostly shaded,shaded (trees/terrain add shade),Shady jumble of boulders by the Trading Co. (MP).,
4,Slither Vision,The Park,Valley Floor,5.12a,350,5.12-,Sport,2.3,30,,2,,,,0,0,0,0,,,0.0,on grade,https://www.mountainproject.com/route/119949960,name,The Park,36.00179,-93.29125,sport,30,0.12,shade,MP,mostly shaded,shaded (trees/terrain add shade),Shady jumble of boulders by the Trading Co. (MP).,
716,Kidney Conditioner,The Park,Valley Floor,5.11d,310,5.11+,Sport,2.3,35,,2,,,,0,0,0,0,,,0.0,on grade,https://www.mountainproject.com/route/119950029,name,The Park,36.00179,-93.29125,sport,30,0.125,shade,MP,mostly shaded,shaded (trees/terrain add shade),Shady jumble of boulders by the Trading Co. (MP).,
5,Renal Excellence,The Park,Valley Floor,5.11a,220,5.11-,Sport,2.7,35,,1,,,,0,0,0,0,,,0.0,on grade,https://www.mountainproject.com/route/119544259,name,The Park,36.00179,-93.29125,sport,25,0.13,shade,MP,mostly shaded,shaded (trees/terrain add shade),Shady jumble of boulders by the Trading Co. (MP).,
6,Roger's Crack,The Park,Valley Floor,5.10b,180,,,,,,,,,,,,,,,,0.0,no data,,not on MP,The Park,36.00179,-93.29125,trad,30,0.14,shade,MP,mostly shaded,shaded (trees/terrain add shade),Shady jumble of boulders by the Trading Co. (MP).,
8,Dino-Might,The Park,Valley Floor,5.9,120,5.9,Sport,2.0,35,,4,,,,0,0,0,0,,,0.0,on grade,https://www.mountainproject.com/route/119544227,name,The Park,36.00179,-93.29125,sport,25,0.15,shade,MP,mostly shaded,shaded (trees/terrain add shade),Shady jumble of boulders by the Trading Co. (MP).,
10,Hickadelic Jazzgrass,The Westside Pt. 1,West/North,5.8,100,5.8,Sport,2.6,60,Y,19,0.03,0.98,0.01,0,0,0,0,100,0,-0.02,on grade,https://www.mountainproject.com/route/105986611,name,Crackhouse Alley,35.99981,-93.29369,sport,60,1.0,E,MP,7:35 am–12:40 pm,"AM sun, PM shade (trees/terrain add shade)",Lots of shade (MP).,
745,Straight to the Hops,The Westside Pt. 1,West/North,5.8,110,5.8,Trad,2.0,60,,1,,,,0,0,0,0,,,0.0,on grade,https://www.mountainproject.com/route/112356326,name,Crackhouse Alley,35.99981,-93.29369,trad,60,1.5,E,MP,7:35 am–12:40 pm,"AM sun, PM shade (trees/terrain add shade)",Lots of shade (MP).,
11,Barley and Hops,The Westside Pt. 1,West/North,5.10a,180,5.10+,Trad,2.0,,,3,,,,0,0,0,0,,,0.0,on grade,https://www.mountainproject.com/route/112324283,name,Crackhouse Alley,35.99981,-93.29369,trad,65,2.0,E,MP,7:35 am–12:40 pm,"AM sun, PM shade (trees/terrain add shade)",Lots of shade (MP).,
13,420,The Westside Pt. 1,West/North,5.12b,440,5.12b,Sport,2.5,65,,3,,,,0,0,0,0,,,0.0,on grade,https://www.mountainproject.com/route/109675215,name,Crackhouse Alley,35.99981,-93.29369,sport,65,3.0,E,MP,7:35 am–12:40 pm,"AM sun, PM shade (trees/terrain add shade)",Lots of shade (MP).,
14,Elephant Ear,The Westside Pt. 1,West/North,5.11c,310,5.11c,Sport,2.7,65,,1,,,,0,0,0,0,,,0.0,on grade,https://www.mountainproject.com/route/110559799,name,Crackhouse Alley,35.99981,-93.29369,sport,60,4.0,E,MP,7:35 am–12:40 pm,"AM sun, PM shade (trees/terrain add shade)",Lots of shade (MP).,
15,Captain Disco,The Westside Pt. 1,West/North,5.10c,200,5.10+,Sport,2.0,60,,1,,,,0,0,0,0,,,0.0,on grade,https://www.mountainproject.com/route/109526134,name,Crackhouse Alley,35.99981,-93.29369,sport,60,5.0,E,MP,7:35 am–12:40 pm,"AM sun, PM shade (trees/terrain add shade)",Lots of shade (MP).,
16,Dirty Crack Whore,The Westside Pt. 1,West/North,5.8,110,,,,,,,,,,,,,,,,0.0,no data,,not on MP,Crackhouse Alley,35.99981,-93.29369,trad,60,6.0,E,MP,7:35 am–12:40 pm,"AM sun, PM shade (trees/terrain add shade)",Lots of shade (MP).,
18,Haasenpfeffer,The Westside Pt. 1,West/North,5.10b,180,5.10b,Sport,2.8,70,,7,0.5,0.54,-0.29,0,0,0,0,170,10,-1.06,stiff,https://www.mountainproject.com/route/108859665,name,Crackhouse Alley,35.99981,-93.29369,sport,65,7.0,E,MP,7:35 am–12:40 pm,"AM sun, PM shade (trees/terrain add shade)",Lots of shade (MP).,
19,Veggie Delight,The Westside Pt. 1,West/North,5.10a,160,5.10a,Trad,2.0,70,,1,,,,0,0,0,0,,,0.0,on grade,https://www.mountainproject.com/route/126996427,name,Crackhouse Alley,35.99981,-93.29369,trad,55,8.0,E,MP,7:35 am–12:40 pm,"AM sun, PM shade (trees/terrain add shade)",Lots of shade (MP).,
21,The Vegetable,The Westside Pt. 1,West/North,5.10a,160,5.10a,Trad,2.0,70,,1,,,,0,0,0,0,,,0.0,on grade,https://www.mountainproject.com/route/126996472,name,Crackhouse Alley,35.99981,-93.29369,trad,55,9.0,E,MP,7:35 am–12:40 pm,"AM sun, PM shade (trees/terrain add shade)",Lots of shade (MP).,
23,Milquetoast,The Westside Pt. 1,West/North,5.11a,250,5.11a,Sport,2.6,65,,2,,,,0,0,0,0,,,0.0,on grade,https://www.mountainproject.com/route/106137062,name,Crackhouse Alley,35.99981,-93.29369,sport,65,10.0,E,MP,7:35 am–12:40 pm,"AM sun, PM shade (trees/terrain add shade)",Lots of shade (MP).,
24,Meatcake,The Westside Pt. 1,West/North,5.10b,180,5.10b,Sport,2.6,70,,7,-0.52,0.96,0.14,0,0,0,0,150,30,0.71,soft,https://www.mountainproject.com/route/108210816,name,Crackhouse Alley,35.99981,-93.29369,sport,70,11.0,E,MP,7:35 am–12:40 pm,"AM sun, PM shade (trees/terrain add shade)",Lots of shade (MP).,
25,Beefcake,The Westside Pt. 1,West/North,5.9,140,5.9,Trad,2.6,70,,1,,,,0,0,0,0,,,0.0,on grade,https://www.mountainproject.com/route/109633671,name,Crackhouse Alley,35.99981,-93.29369,mixed,70,12.0,E,MP,7:35 am–12:40 pm,"AM sun, PM shade (trees/terrain add shade)",Lots of shade (MP).,
27,Tarzan,The Westside Pt. 1,West/North,5.10c,220,5.10c,Trad,4.0,70,,3,,,,0,0,0,0,,,0.0,on grade,https://www.mountainproject.com/route/126996100,name,Crackhouse Alley,35.99981,-93.29369,mixed,70,13.0,E,MP,7:35 am–12:40 pm,"AM sun, PM shade (trees/terrain add shade)",Lots of shade (MP).,
29,Old School,The Westside Pt. 1,West/North,5.8,110,5.7,Trad,1.0,70,,1,,,,0,0,0,0,,,0.0,on grade,https://www.mountainproject.com/route/109526153,name,Crackhouse Alley,35.99981,-93.29369,trad,70,14.0,E,MP,7:35 am–12:40 pm,"AM sun, PM shade (trees/terrain add shade)",Lots of shade (MP).,
31,White Trash Took My Heavy Metal,The Westside Pt. 1,West/North,5.12c,440,,,,,,,,,,,,,,,,0.0,no data,,not on MP,Crackhouse Alley,35.99981,-93.29369,sport,40,15.0,E,MP,7:35 am–12:40 pm,"AM sun, PM shade (trees/terrain add shade)",Lots of shade (MP).,
32,Electroglide,The Westside Pt. 1,West/North,5.11b,280,5.11b,Sport,3.3,70,,1,,0.69,0.15,1,0,0,0,,,0.69,soft,https://www.mountainproject.com/route/109665225,name,Crackhouse Alley,35.99981,-93.29369,sport,75,16.0,E,MP,7:35 am–12:40 pm,"AM sun, PM shade (trees/terrain add shade)",Lots of shade (MP).,
33,Wuwei,The Westside Pt. 1,West/North,5.12b,440,5.12b,Sport,3.8,70,,1,,,,0,0,0,0,,,0.0,on grade,https://www.mountainproject.com/route/117943677,name,Crackhouse Alley,35.99981,-93.29369,sport,70,17.0,E,MP,7:35 am–12:40 pm,"AM sun, PM shade (trees/terrain add shade)",Lots of shade (MP).,
34,Papal Knob,The Westside Pt. 1,West/North,5.11a,280,,,,,,,,,,,,,,,,0.0,no data,,not on MP,Crackhouse Alley,35.99981,-93.29369,mixed,80,17.1,E,MP,7:35 am–12:40 pm,"AM sun, PM shade (trees/terrain add shade)",Lots of shade (MP).,
36,The Catholic Boat,The Westside Pt. 1,West/North,5.9-,130,5.9-,Trad,2.5,70,,13,0.05,0.81,-0.11,0,0,0,0,112,18,-0.34,leans stiff,https://www.mountainproject.com/route/109526182,name,Crackhouse Alley,35.99981,-93.29369,trad,70,18.0,E,MP,7:35 am–12:40 pm,"AM sun, PM shade (trees/terrain add shade)",Lots of shade (MP).,
38,Interorectogestion,The Westside Pt. 1,West/North,5.12b,440,5.12a,Sport,0.5,,,2,,,,0,0,0,0,,,0.0,on grade,https://www.mountainproject.com/route/113828484,name,Crackhouse Alley,35.99981,-93.29369,sport,65,19.0,E,MP,7:35 am–12:40 pm,"AM sun, PM shade (trees/terrain add shade)",Lots of shade (MP).,
39,Strong Men Also Cry,The Westside Pt. 1,West/North,5.12b,390,5.12b,Sport,2.0,,,1,,,,0,0,0,0,,,0.0,on grade,https://www.mountainproject.com/route/113828495,name,Crackhouse Alley,35.99981,-93.29369,sport,40,20.0,E,MP,7:35 am–12:40 pm,"AM sun, PM shade (trees/terrain add shade)",Lots of shade (MP).,
40,U235,The Westside Pt. 1,West/North,5.13b,670,,,,,,,,,,,,,,,,0.0,no data,,not on MP,Crackhouse Alley,35.99981,-93.29369,sport,65,21.0,E,MP,7:35 am–12:40 pm,"AM sun, PM shade (trees/terrain add shade)",Lots of shade (MP).,
41,The Gigolo,The Westside Pt. 1,West/North,5.12a,390,,,,,,,,,,,,,,,,0.0,no data,,not on MP,Crackhouse Alley,35.99981,-93.29369,sport,75,22.0,E,MP,7:35 am–12:40 pm,"AM sun, PM shade (trees/terrain add shade)",Lots of shade (MP).,
42,T-Rex,The Westside Pt. 1,West/North,5.10d,220,5.10d,Sport,2.5,,,1,,,,0,0,0,0,,,0.0,on grade,https://www.mountainproject.com/route/113828460,name,Crackhouse Alley,35.99981,-93.29369,sport,65,23.0,E,MP,7:35 am–12:40 pm,"AM sun, PM shade (trees/terrain add shade)",Lots of shade (MP).,
43,Classique aka The Anderson Brothers Strike Again,The Westside Pt. 2,West/North,5.11a,280,5.11-,Trad,3.4,70,,5,0.0,0.64,0.02,0,0,0,0,220,60,0.06,on grade,https://www.mountainproject.com/route/109649451,name,Confederate Cracks,36.00132,-93.29346,trad,70,24.0,E,geo,7:35 am–12:40 pm,"AM sun, PM shade","West-side cliff line; east-facing, trends shady.",
45,Tsunami,The Westside Pt. 2,West/North,5.12c,490,,,,,,,,,,,,,,,,0.0,no data,,not on MP,Confederate Cracks,36.00132,-93.29346,sport,70,25.0,E,geo,7:35 am–12:40 pm,"AM sun, PM shade","West-side cliff line; east-facing, trends shady.",
46,Mortar Fire,The Westside Pt. 2,West/North,5.9,140,5.9,Trad,2.7,65,,2,,,,0,0,0,0,,,0.0,on grade,https://www.mountainproject.com/route/120006200,name,Confederate Cracks,36.00132,-93.29346,trad,65,26.0,E,geo,7:35 am–12:40 pm,"AM sun, PM shade","West-side cliff line; east-facing, trends shady.",
48,Hand Grenade,The Westside Pt. 2,West/North,5.9+,160,5.9+,Trad,2.0,65,,3,,,,0,0,0,0,,,0.0,on grade,https://www.mountainproject.com/route/120006159,name,Confederate Cracks,36.00132,-93.29346,trad,65,27.0,E,geo,7:35 am–12:40 pm,"AM sun, PM shade","West-side cliff line; east-facing, trends shady.",
50,The Wave,The Westside Pt. 2,West/North,5.12a,390,,,,,,,,,,,,,,,,0.0,no data,,not on MP,Confederate Cracks,36.00132,-93.29346,sport,75,28.0,E,geo,7:35 am–12:40 pm,"AM sun, PM shade","West-side cliff line; east-facing, trends shady.",
51,Cardboard Beer Girl,The Westside Pt. 2,West/North,5.10a,180,,,,,,,,,,,,,,,,0.0,no data,,not on MP,Confederate Cracks,36.00132,-93.29346,trad,65,29.0,E,geo,7:35 am–12:40 pm,"AM sun, PM shade","West-side cliff line; east-facing, trends shady.",
53,Three Times One Minus One,The Westside Pt. 2,West/North,5.11b,250,,,,,,,,,,,,,,,,0.0,no data,,not on MP,Confederate Cracks,36.00132,-93.29346,sport,55,30.0,E,geo,7:35 am–12:40 pm,"AM sun, PM shade","West-side cliff line; east-facing, trends shady.",
54,"The Mud, The Blood, and The Beer",The Westside Pt. 2,West/North,5.10d,220,5.10d,Trad,3.2,65,,6,-0.08,0.48,-0.11,0,0,0,0,198,22,-0.22,on grade,https://www.mountainproject.com/route/111640549,name,Confederate Cracks,36.00132,-93.29346,trad,50,31.0,E,geo,7:35 am–12:40 pm,"AM sun, PM shade","West-side cliff line; east-facing, trends shady.",
56,Def Jam,The Westside Pt. 2,West/North,5.9,130,5.9,Trad,3.5,55,,24,-0.1,0.77,-0.15,0,0,0,0,120,10,-0.18,on grade,https://www.mountainproject.com/route/106060483,name,Confederate Cracks,36.00132,-93.29346,trad,50,32.0,E,geo,7:35 am–12:40 pm,"AM sun, PM shade","West-side cliff line; east-facing, trends shady.",
58,Door Prize,The Westside Pt. 2,West/North,5.11d,310,5.12a,Sport,3.9,55,,4,,,,0,0,0,0,,,0.0,on grade,https://www.mountainproject.com/route/108776044,name,Confederate Cracks,36.00132,-93.29346,sport,55,33.0,E,geo,7:35 am–12:40 pm,"AM sun, PM shade","West-side cliff line; east-facing, trends shady.",
59,Diamond Crystal Speedboat,The Westside Pt. 2,West/North,5.11d,310,,,,,,,,,,,,,,,,0.0,no data,,not on MP,Confederate Cracks,36.00132,-93.29346,sport,50,34.0,E,geo,7:35 am–12:40 pm,"AM sun, PM shade","West-side cliff line; east-facing, trends shady.",
60,Fool's Gold,The Westside Pt. 2,West/North,5.8,100,5.8,Trad,2.5,50,,8,0.17,0.77,-0.2,0,0,0,0,100,0,-0.63,stiff,https://www.mountainproject.com/route/111594996,name,Confederate Cracks,36.00132,-93.29346,trad,50,35.0,E,geo,7:35 am–12:40 pm,"AM sun, PM shade","West-side cliff line; east-facing, trends shady.",
62,Mountain Meadow Massacre,The Westside Pt. 2,West/North,5.11b,280,5.11c,Trad,3.0,80,,1,,,,0,0,0,0,,,0.0,on grade,https://www.mountainproject.com/route/200986491,name,Confederate Cracks,36.00132,-93.29346,mixed,50,36.0,E,geo,7:35 am–12:40 pm,"AM sun, PM shade","West-side cliff line; east-facing, trends shady.",
64,Yuns,The Westside Pt. 2,West/North,5.10d,250,,,,,,,,,,,,,,,,0.0,no data,,not on MP,Confederate Cracks,36.00132,-93.29346,trad,85,37.0,E,geo,7:35 am–12:40 pm,"AM sun, PM shade","West-side cliff line; east-facing, trends shady.",
66,Fat Bastard,The Westside Pt. 2,West/North,5.10d,220,5.10,Sport,3.3,80,,6,-1.0,0.7,0.11,0,0,1,0,180,40,0.88,soft,https://www.mountainproject.com/route/109526214,name,Confederate Cracks,36.00132,-93.29346,sport,80,38.0,E,geo,7:35 am–12:40 pm,"AM sun, PM shade","West-side cliff line; east-facing, trends shady.",
67,I Fought Piranhas,The Westside Pt. 2,West/North,5.11a,250,5.11a,Trad,1.7,50,,1,,,,0,0,0,0,,,0.0,on grade,https://www.mountainproject.com/route/111136927,name,Confederate Cracks,36.00132,-93.29346,trad,50,39.0,E,geo,7:35 am–12:40 pm,"AM sun, PM shade","West-side cliff line; east-facing, trends shady.",
69,I Fought Guppies,The Westside Pt. 2,West/North,5.9,130,5.9,Trad,2.3,50,,2,,,,0,0,0,0,,,0.0,on grade,https://www.mountainproject.com/route/126996529,name,Confederate Cracks,36.00132,-93.29346,trad,50,40.0,E,geo,7:35 am–12:40 pm,"AM sun, PM shade","West-side cliff line; east-facing, trends shady.",
71,Dirt Farm,The Westside Pt. 2,West/North,5.12a,350,5.12a,Sport,3.0,55,,2,,,,0,1,0,0,,,-0.3,leans stiff,https://www.mountainproject.com/route/201092119,name,Confederate Cracks,36.00132,-93.29346,sport,55,40.1,E,geo,7:35 am–12:40 pm,"AM sun, PM shade","West-side cliff line; east-facing, trends shady.",
72,Unknown Project,The Westside Pt. 2,West/North,5.13a,610,,,,,,,,,,,,,,,,0.0,no data,,not on MP,Confederate Cracks,36.00132,-93.29346,sport,60,40.2,E,geo,7:35 am–12:40 pm,"AM sun, PM shade","West-side cliff line; east-facing, trends shady.",
73,W.M.A.,The Westside Pt. 2,West/North,5.9+,160,5.9+,Trad,3.7,60,,41,-0.05,0.75,-0.17,0,1,0,0,133,27,-0.62,stiff,https://www.mountainproject.com/route/105986617,name,Confederate Cracks,36.00132,-93.29346,trad,60,41.0,E,geo,7:35 am–12:40 pm,"AM sun, PM shade","West-side cliff line; east-facing, trends shady.",
75,Animal Thunderdome,The Westside Pt. 2,West/North,5.12c,490,5.12+,Sport,,60,,1,,,,0,0,0,0,,,0.0,on grade,https://www.mountainproject.com/route/201790033,name,Confederate Cracks,36.00132,-93.29346,sport,65,41.1,E,geo,7:35 am–12:40 pm,"AM sun, PM shade","West-side cliff line; east-facing, trends shady.",
76,Unknown Project,The Westside Pt. 2,West/North,5.13a,610,,,,,,,,,,,,,,,,0.0,no data,,not on MP,Confederate Cracks,36.00132,-93.29346,sport,70,41.2,E,geo,7:35 am–12:40 pm,"AM sun, PM shade","West-side cliff line; east-facing, trends shady.",
77,Up Your Buttress,The Westside Pt. 2,West/North,5.10a,180,5.10-,Trad,3.6,70,,19,0.63,0.78,-0.05,0,0,0,0,153,27,-1.32,stiff,https://www.mountainproject.com/route/107329265,name,Confederate Cracks,36.00132,-93.29346,trad,70,42.0,E,geo,7:35 am–12:40 pm,"AM sun, PM shade","West-side cliff line; east-facing, trends shady.",
79,Pillar of Despair,The Westside Pt. 2,West/North,5.11b,280,,,,,,,,,,,,,,,,0.0,no data,,not on MP,Confederate Cracks,36.00132,-93.29346,sport,75,42.1,E,geo,7:35 am–12:40 pm,"AM sun, PM shade","West-side cliff line; east-facing, trends shady.",
80,Public Access,The Westside Pt. 2,West/North,5.7,90,5.7+,Trad,2.3,75,,6,0.89,0.83,-0.16,0,0,0,0,97,-7,-0.93,stiff,https://www.mountainproject.com/route/118605343,name,Confederate Cracks,36.00132,-93.29346,trad,75,43.0,E,geo,7:35 am–12:40 pm,"AM sun, PM shade","West-side cliff line; east-facing, trends shady.",
82,Blood and Thunder,The Westside Pt. 2,West/North,5.10c,200,5.10c,Sport,2.8,60,,1,,,,0,1,0,0,,,-0.3,leans stiff,https://www.mountainproject.com/route/116741816,name,Confederate Cracks,36.00132,-93.29346,sport,75,43.1,E,geo,7:35 am–12:40 pm,"AM sun, PM shade","West-side cliff line; east-facing, trends shady.",
83,Royal Flush,The Westside Pt. 2,West/North,5.10b,180,5.10b,Sport,2.3,65,,2,,0.56,-0.26,0,0,0,0,,,-0.66,stiff,https://www.mountainproject.com/route/116753162,name,Confederate Cracks,36.00132,-93.29346,sport,75,43.2,E,geo,7:35 am–12:40 pm,"AM sun, PM shade","West-side cliff line; east-facing, trends shady.",
84,Marching Season,The Westside Pt. 2,West/North,5.11a,250,5.11a,Sport,2.3,70,,1,,,,0,1,0,0,,,-0.3,leans stiff,https://www.mountainproject.com/route/122972447,name,Confederate Cracks,36.00132,-93.29346,sport,70,43.3,E,geo,7:35 am–12:40 pm,"AM sun, PM shade","West-side cliff line; east-facing, trends shady.",
85,Chinese Soul Food,The Westside Pt. 2,West/North,5.11a,250,5.11b,Sport,2.4,65,,1,,,,0,0,0,0,,,0.0,on grade,https://www.mountainproject.com/route/109665338,name,Confederate Cracks,36.00132,-93.29346,sport,80,44.0,E,geo,7:35 am–12:40 pm,"AM sun, PM shade","West-side cliff line; east-facing, trends shady.",
86,Roary Breaker,The Westside Pt. 2,West/North,5.12d,550,,,,,,,,,,,,,,,,0.0,no data,,not on MP,Confederate Cracks,36.00132,-93.29346,sport,75,45.0,E,geo,7:35 am–12:40 pm,"AM sun, PM shade","West-side cliff line; east-facing, trends shady.",
87,Mad Man with an Afro,The Westside Pt. 2,West/North,5.10d,200,,,,,,,,,,,,,,,,0.0,no data,,not on MP,Confederate Cracks,36.00132,-93.29346,sport,45,46.0,E,geo,7:35 am–12:40 pm,"AM sun, PM shade","West-side cliff line; east-facing, trends shady.",
88,Stove Top,Walls of Moria,West/North,5.10b,180,5.10b,Sport,2.7,60,,14,-0.11,0.74,-0.09,0,0,0,0,158,22,-0.06,on grade,https://www.mountainproject.com/route/106050208,name,Walls Of Moria,36.00196,-93.29396,sport,80,47.0,E,geo,7:35 am–12:40 pm,"AM sun, PM shade",Stays wet after rain (MP).,
89,Devil's Candy,Walls of Moria,West/North,5.10d,220,5.10d,Sport,3.0,60,,8,-0.06,0.46,-0.13,0,0,0,0,199,21,-0.28,leans stiff,https://www.mountainproject.com/route/106051569,name,Walls Of Moria,36.00196,-93.29396,sport,80,48.0,E,geo,7:35 am–12:40 pm,"AM sun, PM shade",Stays wet after rain (MP).,
90,Gimp and Wheezer,Walls of Moria,West/North,5.10a,160,5.10a,Sport,3.3,80,,44,0.02,0.83,-0.01,0,1,0,0,140,20,-0.36,leans stiff,https://www.mountainproject.com/route/106049204,name,Walls Of Moria,36.00196,-93.29396,sport,80,49.0,E,geo,7:35 am–12:40 pm,"AM sun, PM shade",Stays wet after rain (MP).,
91,Tales of Ribaldry,Walls of Moria,West/North,5.8,110,5.8,Trad,1.3,80,,1,,,,0,0,0,0,,,0.0,on grade,https://www.mountainproject.com/route/114576594,name,Walls Of Moria,36.00196,-93.29396,trad,80,50.0,E,geo,7:35 am–12:40 pm,"AM sun, PM shade",Stays wet after rain (MP).,
93,Fighting Uruk-hai,Walls of Moria,West/North,5.11a,250,5.11b,Sport,1.7,,,1,,,,0,0,0,0,,,0.0,on grade,https://www.mountainproject.com/route/111136216,name,Walls Of Moria,36.00196,-93.29396,sport,65,51.0,E,geo,7:35 am–12:40 pm,"AM sun, PM shade",Stays wet after rain (MP).,
94,Frogger,Walls of Moria,West/North,5.11d,310,5.11d,Sport,3.0,50,,1,,,,0,0,0,0,,,0.0,on grade,https://www.mountainproject.com/route/127066360,name,Walls Of Moria,36.00196,-93.29396,sport,50,52.0,E,geo,7:35 am–12:40 pm,"AM sun, PM shade",Stays wet after rain (MP).,
95,Stem Cell Research,Walls of Moria,West/North,5.9+,130,5.9+,Sport,3.5,55,,2,,,,0,0,0,0,,,0.0,on grade,https://www.mountainproject.com/route/203709671,name,Walls Of Moria,36.00196,-93.29396,sport,50,53.0,E,geo,7:35 am–12:40 pm,"AM sun, PM shade",Stays wet after rain (MP).,
96,Left Hook of God,Walls of Moria,West/North,5.9-,120,,,,,,,,,,,,,,,,0.0,no data,,not on MP,Walls Of Moria,36.00196,-93.29396,trad,50,54.0,E,geo,7:35 am–12:40 pm,"AM sun, PM shade",Stays wet after rain (MP).,
98,Right Hook of Allah,Walls of Moria,West/North,5.8,100,5.8,Trad,3.0,55,,2,,,,0,0,0,0,,,0.0,on grade,https://www.mountainproject.com/route/203904822,name,Walls Of Moria,36.00196,-93.29396,trad,55,55.0,E,geo,7:35 am–12:40 pm,"AM sun, PM shade",Stays wet after rain (MP).,
100,Balrog,Walls of Moria,West/North,5.11a,250,5.11c,Sport,2.8,60,,2,,,,0,0,0,0,,,0.0,on grade,https://www.mountainproject.com/route/108859800,name,Walls Of Moria,36.00196,-93.29396,sport,65,56.0,E,geo,7:35 am–12:40 pm,"AM sun, PM shade",Stays wet after rain (MP).,
101,Solid,Walls of Moria,West/North,5.9+,140,5.9+,Sport,2.8,65,,25,0.3,0.86,-0.06,0,1,0,0,137,3,-1.04,stiff,https://www.mountainproject.com/route/107771133,name,Walls Of Moria,36.00196,-93.29396,sport,65,57.0,E,geo,7:35 am–12:40 pm,"AM sun, PM shade",Stays wet after rain (MP).,
102,Entwash,Walls of Moria,West/North,5.9+,140,5.9+,Trad,3.0,55,,3,,,,0,0,0,0,,,0.0,on grade,https://www.mountainproject.com/route/106243505,name,Walls Of Moria,36.00196,-93.29396,trad,45,58.0,E,geo,7:35 am–12:40 pm,"AM sun, PM shade",Stays wet after rain (MP).,
104,Treebeard,Walls of Moria,West/North,5.7,80,5.7+,Trad,3.1,50,,60,0.42,0.95,-0.05,0,2,0,0,83,-3,-1.55,stiff,https://www.mountainproject.com/route/106243491,name,Walls Of Moria,36.00196,-93.29396,trad,55,59.0,E,geo,7:35 am–12:40 pm,"AM sun, PM shade",Stays wet after rain (MP).,
106,Flake Tectonics,Walls of Moria,West/North,5.10c,200,5.10c,Sport,2.8,60,,3,,,,0,0,0,0,,,0.0,on grade,https://www.mountainproject.com/route/122970226,name,Walls Of Moria,36.00196,-93.29396,sport,60,60.0,E,geo,7:35 am–12:40 pm,"AM sun, PM shade",Stays wet after rain (MP).,
107,Hackberry Crack,Walls of Moria,West/North,5.9-,120,5.9,Trad,3.6,50,,54,0.11,0.71,-0.2,0,0,0,0,115,5,-0.73,stiff,https://www.mountainproject.com/route/106063523,name,Walls Of Moria,36.00196,-93.29396,trad,55,61.0,E,geo,7:35 am–12:40 pm,"AM sun, PM shade",Stays wet after rain (MP).,
109,Yogini,Walls of Moria,West/North,5.11a,220,,,,,,,,,,,,,,,,0.0,no data,,not on MP,Walls Of Moria,36.00196,-93.29396,sport,50,62.0,E,geo,7:35 am–12:40 pm,"AM sun, PM shade",Stays wet after rain (MP).,
110,Amores Perros,The Black Slabs,West/North,5.12b,390,,,,,,,,,,,,,,,,0.0,no data,,not on MP,Walls Of Moria,36.00196,-93.29396,sport,45,63.0,E,geo,7:35 am–12:40 pm,"AM sun, PM shade",Stays wet after rain (MP).,
111,Toxic Dementia,The Black Slabs,West/North,5.11b,250,,,,,,,,,,,,,,,,0.0,no data,,not on MP,Walls Of Moria,36.00196,-93.29396,sport,55,64.0,E,geo,7:35 am–12:40 pm,"AM sun, PM shade",Stays wet after rain (MP).,
112,Knob Creek,The Black Slabs,West/North,5.11a,220,5.11a,Sport,2.3,50,,4,,,,0,0,0,0,,,0.0,on grade,https://www.mountainproject.com/route/106243484,name,Walls Of Moria,36.00196,-93.29396,sport,50,65.0,E,geo,7:35 am–12:40 pm,"AM sun, PM shade",Stays wet after rain (MP).,
113,Newton's Law,The Black Slabs,West/North,5.11a,220,,,,,,,,,,,,,,,,0.0,no data,,not on MP,Walls Of Moria,36.00196,-93.29396,sport,45,66.0,E,geo,7:35 am–12:40 pm,"AM sun, PM shade",Stays wet after rain (MP).,
114,Tiny Bubbles,The Black Slabs,West/North,5.12b,390,,,,,,,,,,,,,,,,0.0,no data,,not on MP,Walls Of Moria,36.00196,-93.29396,sport,45,67.0,E,geo,7:35 am–12:40 pm,"AM sun, PM shade",Stays wet after rain (MP).,
115,Shelob's Lair,The Black Slabs,West/North,5.10a,160,5.10a,Trad,2.0,45,,1,,,,0,0,0,0,,,0.0,on grade,https://www.mountainproject.com/route/111922207,name,Walls Of Moria,36.00196,-93.29396,trad,45,68.0,E,geo,7:35 am–12:40 pm,"AM sun, PM shade",Stays wet after rain (MP).,
117,The Seamstress,The Black Slabs,West/North,5.10a,140,5.10a/b,Sport,3.1,50,,7,0.33,0.83,-0.01,0,0,0,0,147,-7,-0.25,on grade,https://www.mountainproject.com/route/106051576,name,Walls Of Moria,36.00196,-93.29396,sport,45,69.0,E,geo,7:35 am–12:40 pm,"AM sun, PM shade",Stays wet after rain (MP).,
118,Adhesive Love,The Black Slabs,West/North,5.8,90,5.8+,Sport,2.3,40,,12,0.36,0.96,-0.01,0,0,0,1,101,-11,-0.46,leans stiff,https://www.mountainproject.com/route/107722138,name,Walls Of Moria,36.00196,-93.29396,sport,40,70.0,E,geo,7:35 am–12:40 pm,"AM sun, PM shade",Stays wet after rain (MP).,
742,Smitty Werbenjagermangensen,The Black Slabs,West/North,5.10a,140,,,,,,,,,,,,,,,,0.0,no data,,not on MP,Walls Of Moria,36.00196,-93.29396,sport,40,70.9,E,geo,7:35 am–12:40 pm,"AM sun, PM shade",Stays wet after rain (MP).,
119,T-Slab,The Black Slabs,West/North,5.11a,220,5.11a,Sport,3.4,45,,13,-0.15,0.47,-0.15,3,0,0,0,217,3,0.73,soft,https://www.mountainproject.com/route/109665357,name,Walls Of Moria,36.00196,-93.29396,sport,40,71.0,E,geo,7:35 am–12:40 pm,"AM sun, PM shade",Stays wet after rain (MP).,
120,Message to a Hairy Man Back,The Black Slabs,West/North,5.10a,140,5.10a,Sport,2.7,40,,7,0.07,0.78,-0.06,0,0,0,0,141,-1,-0.19,on grade,https://www.mountainproject.com/route/111612957,name,Walls Of Moria,36.00196,-93.29396,sport,40,72.0,E,geo,7:35 am–12:40 pm,"AM sun, PM shade",Stays wet after rain (MP).,
121,Gelgamek Vagina,The Black Slabs,West/North,5.8,100,5.9,Trad,2.7,50,,7,0.57,1.0,0.03,0,0,0,0,107,-7,-0.32,leans stiff,https://www.mountainproject.com/route/106243478,name,Walls Of Moria,36.00196,-93.29396,trad,50,73.0,E,geo,7:35 am–12:40 pm,"AM sun, PM shade",Stays wet after rain (MP).,
123,Nova Monkey,The Black Slabs,West/North,5.11d,310,5.11d,Sport,3.0,55,,1,,,,0,0,0,0,,,0.0,on grade,https://www.mountainproject.com/route/125200923,name,Hanging Gardens,36.00264,-93.29433,sport,55,74.0,E,geo,7:35 am–12:40 pm,"AM sun, PM shade",West-side cliff line.,
124,Sissy Made Training Academy,The Black Slabs,West/North,5.12b,440,,,,,,,,,,,,,,,,0.0,no data,,not on MP,Walls Of Moria,36.00196,-93.29396,sport,60,75.0,E,geo,7:35 am–12:40 pm,"AM sun, PM shade",Stays wet after rain (MP).,
125,"Up Yours, Ashcroft",The Black Slabs,West/North,5.7,90,5.7 PG13,Trad,1.3,70,,3,,,,0,0,0,0,,,0.0,on grade,https://www.mountainproject.com/route/203907277,name,Walls Of Moria,36.00196,-93.29396,trad,70,76.0,E,geo,7:35 am–12:40 pm,"AM sun, PM shade",Stays wet after rain (MP).,
127,Leftover,The Arcade,West/North,5.8,110,5.8,Trad,2.3,60,,2,,0.9,-0.07,0,0,0,0,,,-0.17,on grade,https://www.mountainproject.com/route/121251585,name,Walls Of Moria,36.00196,-93.29396,trad,75,76.5,E,geo,7:35 am–12:40 pm,"AM sun, PM shade",Stays wet after rain (MP).,
129,Rightovers,The Arcade,West/North,5.9,130,5.9+,Sport,2.5,60,,6,0.44,0.63,-0.29,0,0,0,0,136,-6,-0.99,stiff,https://www.mountainproject.com/route/121251550,name,Walls Of Moria,36.00196,-93.29396,sport,75,76.51,E,geo,7:35 am–12:40 pm,"AM sun, PM shade",Stays wet after rain (MP).,
130,In The Crack or On Your Back,The Arcade,West/North,5.10c,200,5.10c,Trad,3.6,50,,14,-0.04,0.33,-0.46,0,0,1,0,179,21,-1.09,stiff,https://www.mountainproject.com/route/110264400,name,Walls Of Moria,36.00196,-93.29396,trad,45,77.0,E,geo,7:35 am–12:40 pm,"AM sun, PM shade",Stays wet after rain (MP).,
132,The Tempest,The Arcade,West/North,5.10c,180,5.10c,Sport,2.8,50,,7,-0.43,0.78,-0.0,0,0,0,0,171,9,0.3,leans soft,https://www.mountainproject.com/route/119385980,name,The Arcade,36.00314,-93.2947,sport,45,77.01,NE,MP,7:35 am–10:20 am,"AM sun, PM shade (trees/terrain add shade)",Shady most of the day; faces NE (MP).,
133,Level Up,The Arcade,West/North,5.10a,140,5.10a,Sport,2.4,50,,6,0.17,0.89,0.06,0,0,0,0,143,-3,0.04,on grade,https://www.mountainproject.com/route/119036563,name,The Arcade,36.00314,-93.2947,sport,50,77.074,NE,MP,7:35 am–10:20 am,"AM sun, PM shade (trees/terrain add shade)",Shady most of the day; faces NE (MP).,
134,Mortal Combat,The Arcade,West/North,5.10a,140,5.10a,Sport,2.3,45,,10,0.25,0.64,-0.19,0,0,0,0,145,-5,-0.74,stiff,https://www.mountainproject.com/route/118607777,name,The Arcade,36.00314,-93.2947,sport,45,77.075,NE,MP,7:35 am–10:20 am,"AM sun, PM shade (trees/terrain add shade)",Shady most of the day; faces NE (MP).,
135,Modern Warfare,The Arcade,West/North,5.8+,110,5.8+,Sport,3.3,70,,16,-0.06,0.96,-0.01,0,0,0,0,100,10,0.08,on grade,https://www.mountainproject.com/route/115968756,name,The Arcade,36.00314,-93.2947,sport,70,77.076,NE,MP,7:35 am–10:20 am,"AM sun, PM shade (trees/terrain add shade)",Shady most of the day; faces NE (MP).,
136,Grand Theft Auto,The Arcade,West/North,5.8,100,5.8,Sport,2.9,65,,16,-0.1,0.96,-0.0,0,1,0,2,97,3,-0.15,on grade,https://www.mountainproject.com/route/118933929,name,The Arcade,36.00314,-93.2947,sport,65,77.0765,NE,MP,7:35 am–10:20 am,"AM sun, PM shade (trees/terrain add shade)",Shady most of the day; faces NE (MP).,
137,2UP,The Arcade,West/North,5.8,100,5.8,Sport,2.6,60,,22,0.14,0.89,-0.08,0,0,0,0,100,0,-0.47,leans stiff,https://www.mountainproject.com/route/111047247,name,The Arcade,36.00314,-93.2947,sport,60,77.077,NE,MP,7:35 am–10:20 am,"AM sun, PM shade (trees/terrain add shade)",Shady most of the day; faces NE (MP).,
138,Metroid,The Arcade,West/North,5.8,100,5.8,Sport,2.6,60,,22,0.21,0.85,-0.12,0,0,0,0,100,0,-0.72,stiff,https://www.mountainproject.com/route/111047257,name,The Arcade,36.00314,-93.2947,sport,60,77.078,NE,MP,7:35 am–10:20 am,"AM sun, PM shade (trees/terrain add shade)",Shady most of the day; faces NE (MP).,
139,The Legend of Zelda,The Arcade,West/North,5.9+,140,5.9+,Sport,2.8,60,,24,0.07,0.75,-0.17,0,1,1,1,136,4,-0.87,stiff,https://www.mountainproject.com/route/115461310,name,The Arcade,36.00314,-93.2947,sport,60,77.0781,NE,MP,7:35 am–10:20 am,"AM sun, PM shade (trees/terrain add shade)",Shady most of the day; faces NE (MP).,
140,Pitfall,The Arcade,West/North,5.9,140,5.9,Trad,2.5,60,,3,,,,0,0,0,0,,,0.0,on grade,https://www.mountainproject.com/route/118607827,name,The Arcade,36.00314,-93.2947,trad,60,77.0782,NE,MP,7:35 am–10:20 am,"AM sun, PM shade (trees/terrain add shade)",Shady most of the day; faces NE (MP).,
142,Donkey Kong,The Arcade,West/North,5.8+,110,5.8+,Sport,2.7,55,,23,-0.03,0.92,-0.05,0,0,0,0,100,10,-0.07,on grade,https://www.mountainproject.com/route/115461347,name,The Arcade,36.00314,-93.2947,sport,60,77.0783,NE,MP,7:35 am–10:20 am,"AM sun, PM shade (trees/terrain add shade)",Shady most of the day; faces NE (MP).,
143,Out of Quarters,The Arcade,West/North,5.8,100,5.8,Sport,2.4,60,,14,-0.26,0.97,0.0,0,0,0,0,92,8,0.36,leans soft,https://www.mountainproject.com/route/111047265,name,The Arcade,36.00314,-93.2947,sport,60,77.079,NE,MP,7:35 am–10:20 am,"AM sun, PM shade (trees/terrain add shade)",Shady most of the day; faces NE (MP).,
144,Duck Hunt,The Arcade,West/North,5.9,120,5.8,Sport,2.6,50,,21,-1.19,0.98,0.06,3,0,0,0,94,26,3.43,soft,https://www.mountainproject.com/route/117872809,name,The Arcade,36.00314,-93.2947,sport,55,77.0795,NE,MP,7:35 am–10:20 am,"AM sun, PM shade (trees/terrain add shade)",Shady most of the day; faces NE (MP).,
145,Gypsy Girl,The Arcade,West/North,5.9,130,5.9,Trad,2.0,40,,2,,,,0,0,0,0,,,0.0,on grade,https://www.mountainproject.com/route/203781195,name,The Arcade,36.00314,-93.2947,trad,40,77.08,NE,MP,7:35 am–10:20 am,"AM sun, PM shade (trees/terrain add shade)",Shady most of the day; faces NE (MP).,
700,IDKFA,The Arcade,West/North,5.9,130,5.9+,Trad,1.5,55,,2,,,,0,0,0,0,,,0.0,on grade,https://www.mountainproject.com/route/124930336,inferred - verify,The Arcade,36.00314,-93.2947,trad,45,77.0805,NE,MP,7:35 am–10:20 am,"AM sun, PM shade (trees/terrain add shade)",Shady most of the day; faces NE (MP).,
147,Rack it Ralph,The Arcade,West/North,5.10c,200,,,,,,,,,,,,,,,,0.0,no data,,not on MP,The Arcade,36.00314,-93.2947,trad,50,77.081,NE,MP,7:35 am–10:20 am,"AM sun, PM shade (trees/terrain add shade)",Shady most of the day; faces NE (MP).,
149,Rock Band,The Arcade,West/North,5.11a,220,5.11a,Sport,1.9,55,,2,,,,0,0,0,1,,,0.0,on grade,https://www.mountainproject.com/route/112331464,name,The Arcade,36.00314,-93.2947,sport,55,77.082,NE,MP,7:35 am–10:20 am,"AM sun, PM shade (trees/terrain add shade)",Shady most of the day; faces NE (MP).,
702,Unknown Trad Route,The Arcade,West/North,5.9,130,,,,,,,,,,,,,,,,0.0,no data,,not on MP,The Arcade,36.00314,-93.2947,trad,55,77.0825,NE,MP,7:35 am–10:20 am,"AM sun, PM shade (trees/terrain add shade)",Shady most of the day; faces NE (MP).,
150,Black Slabbath,The Arcade,West/North,5.11a,220,5.11a,Sport,2.5,,,2,,,,0,0,0,0,,,0.0,on grade,https://www.mountainproject.com/route/115461378,name,The Arcade,36.00314,-93.2947,sport,55,77.083,NE,MP,7:35 am–10:20 am,"AM sun, PM shade (trees/terrain add shade)",Shady most of the day; faces NE (MP).,
151,Victims of Survival Horror,The Arcade,West/North,5.10c,200,5.10,Sport,1.5,65,,2,,,,0,0,1,0,,,0.0,on grade,https://www.mountainproject.com/route/112285316,name,The Arcade,36.00314,-93.2947,sport,60,77.084,NE,MP,7:35 am–10:20 am,"AM sun, PM shade (trees/terrain add shade)",Shady most of the day; faces NE (MP).,
152,King Koopa,The Arcade,West/North,5.9+,140,5.9,Sport,2.8,60,,8,-0.33,0.92,-0.0,0,0,0,1,125,15,0.26,leans soft,https://www.mountainproject.com/route/111088500,name,The Arcade,36.00314,-93.2947,sport,60,77.085,NE,MP,7:35 am–10:20 am,"AM sun, PM shade (trees/terrain add shade)",Shady most of the day; faces NE (MP).,
153,Yoga Catastrophe,Street Fighter Wall,West/North,5.10a,140,5.10,Sport,2.9,,,4,,0.73,-0.11,0,0,1,2,,,-0.27,leans stiff,https://www.mountainproject.com/route/112285346,name,Street Fighter Wall,36.00343,-93.29512,sport,40,77.086,NE,geo,7:35 am–10:20 am,"AM sun, PM shade (trees/terrain add shade)",Next to the Arcade; likely similar NE aspect.,
154,Back Back B,Street Fighter Wall,West/North,5.10c,180,5.10c,Sport,2.0,40,,1,,,,0,0,0,0,,,0.0,on grade,https://www.mountainproject.com/route/125771267,name,Street Fighter Wall,36.00343,-93.29512,sport,40,77.087,NE,geo,7:35 am–10:20 am,"AM sun, PM shade (trees/terrain add shade)",Next to the Arcade; likely similar NE aspect.,
155,Evil Ryu,Street Fighter Wall,West/North,5.10c,180,5.10c,Sport,2.9,,,6,-0.17,0.8,0.02,0,0,0,0,177,3,0.14,on grade,https://www.mountainproject.com/route/112285393,name,Street Fighter Wall,36.00343,-93.29512,sport,40,77.088,NE,geo,7:35 am–10:20 am,"AM sun, PM shade (trees/terrain add shade)",Next to the Arcade; likely similar NE aspect.,
156,Hadoyken,Street Fighter Wall,West/North,5.12b,390,5.12b,Sport,3.7,40,,2,,,,0,0,0,1,,,0.0,on grade,https://www.mountainproject.com/route/119858864,name,Street Fighter Wall,36.00343,-93.29512,sport,40,77.089,NE,geo,7:35 am–10:20 am,"AM sun, PM shade (trees/terrain add shade)",Next to the Arcade; likely similar NE aspect.,
157,Ryu,Street Fighter Wall,West/North,5.10b,160,5.10b,Sport,2.4,,,4,,0.81,-0.01,0,0,0,0,,,-0.03,on grade,https://www.mountainproject.com/route/111109225,name,Street Fighter Wall,36.00343,-93.29512,sport,40,77.09,NE,geo,7:35 am–10:20 am,"AM sun, PM shade (trees/terrain add shade)",Next to the Arcade; likely similar NE aspect.,
158,Blanka,Street Fighter Wall,West/North,5.8+,100,5.8,Sport,2.3,,Y,8,-0.25,0.99,0.02,0,1,0,0,100,0,-0.05,on grade,https://www.mountainproject.com/route/112285379,name,Street Fighter Wall,36.00343,-93.29512,sport,40,77.091,NE,geo,7:35 am–10:20 am,"AM sun, PM shade (trees/terrain add shade)",Next to the Arcade; likely similar NE aspect.,
159,Sonic Boom,Street Fighter Wall,West/North,5.10a,140,5.10a,Sport,2.7,,,8,0.19,0.82,-0.02,0,0,0,0,144,-4,-0.19,on grade,https://www.mountainproject.com/route/111109233,name,Street Fighter Wall,36.00343,-93.29512,sport,40,77.092,NE,geo,7:35 am–10:20 am,"AM sun, PM shade (trees/terrain add shade)",Next to the Arcade; likely similar NE aspect.,
160,The Van Damme,Street Fighter Wall,West/North,5.10b,160,5.10b,Sport,2.1,,,5,0.5,,,0,0,0,0,170,-10,-0.25,leans stiff,https://www.mountainproject.com/route/111109258,name,Street Fighter Wall,36.00343,-93.29512,sport,40,77.093,NE,geo,7:35 am–10:20 am,"AM sun, PM shade (trees/terrain add shade)",Next to the Arcade; likely similar NE aspect.,
161,I took a Douken,Street Fighter Wall,West/North,5.8,90,5.8,Sport,2.5,,Y,6,0.05,0.95,-0.02,0,0,1,0,100,-10,-0.08,on grade,https://www.mountainproject.com/route/112285404,name,Street Fighter Wall,36.00343,-93.29512,sport,40,77.094,NE,geo,7:35 am–10:20 am,"AM sun, PM shade (trees/terrain add shade)",Next to the Arcade; likely similar NE aspect.,
162,The Big Sleep,Ren and Stimpy,West/North,5.12b,390,5.12b,Sport,3.4,35,,9,-0.22,,,0,0,0,0,381,9,0.2,on grade,https://www.mountainproject.com/route/106916508,name,Ren and Stimpy,,,sport,30,78.0,E,MP,7:35 am–12:40 pm,"AM sun, PM shade (trees/terrain add shade)",Shady area (MP).,
163,Crockostimpy,Ren and Stimpy,West/North,5.12d,490,5.12d,Sport,3.7,40,,4,,,,0,0,0,0,,,0.0,on grade,https://www.mountainproject.com/route/106916513,name,Ren and Stimpy,,,sport,40,79.0,E,MP,7:35 am–12:40 pm,"AM sun, PM shade (trees/terrain add shade)",Shady area (MP).,
164,Space Madness,Ren and Stimpy,West/North,5.12a,350,5.12a,Sport,2.4,40,,19,-0.47,0.56,0.0,1,0,0,0,331,19,1.19,soft,https://www.mountainproject.com/route/105970940,name,Ren and Stimpy,,,sport,35,80.0,E,MP,7:35 am–12:40 pm,"AM sun, PM shade (trees/terrain add shade)",Shady area (MP).,
165,Mouth Trap,Ren and Stimpy,West/North,5.11a,220,5.11a PG13,Sport,2.8,35,,5,0.0,0.75,0.14,0,0,0,0,220,0,0.34,leans soft,https://www.mountainproject.com/route/110259610,name,Ren and Stimpy,,,sport,35,81.0,E,MP,7:35 am–12:40 pm,"AM sun, PM shade (trees/terrain add shade)",Shady area (MP).,
166,Happy Happy Joy Joy,Ren and Stimpy,West/North,5.11b,250,5.11b,Sport,1.8,,,2,,0.71,0.17,0,0,0,0,,,0.43,leans soft,https://www.mountainproject.com/route/111088517,name,Ren and Stimpy,,,sport,35,82.0,E,MP,7:35 am–12:40 pm,"AM sun, PM shade (trees/terrain add shade)",Shady area (MP).,
167,Flying Squirrel,Ren and Stimpy,West/North,5.7,80,5.7,Trad,1.4,40,,2,,,,0,0,0,0,,,0.0,on grade,https://www.mountainproject.com/route/116612443,name,Ren and Stimpy,,,trad,40,83.0,E,MP,7:35 am–12:40 pm,"AM sun, PM shade (trees/terrain add shade)",Shady area (MP).,
169,Dr. Stupid,Ren and Stimpy,West/North,5.10a,140,5.10a,Sport,2.6,50,,11,-0.02,0.94,0.11,0,0,0,0,140,0,0.3,leans soft,https://www.mountainproject.com/route/106136311,name,Ren and Stimpy,,,sport,40,84.0,E,MP,7:35 am–12:40 pm,"AM sun, PM shade (trees/terrain add shade)",Shady area (MP).,
170,Powdered Toast Man,Ren and Stimpy,West/North,5.12b,390,5.12a/b,Sport,3.1,50,,18,-0.39,0.34,-0.07,0,1,0,0,374,16,0.24,on grade,https://www.mountainproject.com/route/105970947,name,Ren and Stimpy,,,sport,35,85.0,E,MP,7:35 am–12:40 pm,"AM sun, PM shade (trees/terrain add shade)",Shady area (MP).,
171,Rubber Nipple Salesman,Ren and Stimpy,West/North,5.12b,390,5.12b,Sport,3.1,40,,3,,0.65,0.24,0,0,0,0,,,0.6,leans soft,https://www.mountainproject.com/route/110961645,name,Ren and Stimpy,,,sport,40,86.0,E,MP,7:35 am–12:40 pm,"AM sun, PM shade (trees/terrain add shade)",Shady area (MP).,
172,Clackerball,Ren and Stimpy,West/North,5.11b,250,5.11a,Sport,2.4,20,,7,-0.79,0.88,0.35,1,0,0,0,226,24,1.73,soft,https://www.mountainproject.com/route/108369815,name,Ren and Stimpy,,,sport,20,87.0,E,MP,7:35 am–12:40 pm,"AM sun, PM shade (trees/terrain add shade)",Shady area (MP).,
173,Log,Ren and Stimpy,West/North,5.10c,180,5.10b,Sport,1.9,45,,9,-0.61,0.92,0.14,0,0,0,0,168,12,0.89,soft,https://www.mountainproject.com/route/106294144,name,Ren and Stimpy,,,sport,30,88.0,E,MP,7:35 am–12:40 pm,"AM sun, PM shade (trees/terrain add shade)",Shady area (MP).,
174,Guilty by Association,Ren and Stimpy,West/North,5.9,120,5.9,Sport,1.8,35,Y,8,-0.29,0.98,0.07,0,0,0,0,112,8,0.4,leans soft,https://www.mountainproject.com/route/108369823,name,Ren and Stimpy,,,sport,35,89.0,E,MP,7:35 am–12:40 pm,"AM sun, PM shade (trees/terrain add shade)",Shady area (MP).,
175,Memory of Light,Ren and Stimpy,West/North,5.10a,140,5.10a,Sport,2.4,35,,5,0.17,0.83,0.0,0,1,0,2,143,-3,-0.39,leans stiff,https://www.mountainproject.com/route/108369834,name,Ren and Stimpy,,,sport,35,90.0,E,MP,7:35 am–12:40 pm,"AM sun, PM shade (trees/terrain add shade)",Shady area (MP).,
176,Wedding Bells,Ren and Stimpy,West/North,5.9,130,5.9,Trad,1.4,,,2,,0.92,0.01,0,0,0,0,,,0.02,on grade,https://www.mountainproject.com/route/111109427,name,Ren and Stimpy,,,trad,30,91.0,E,MP,7:35 am–12:40 pm,"AM sun, PM shade (trees/terrain add shade)",Shady area (MP).,
178,Tying the Knot,Ren and Stimpy,West/North,5.9,130,5.9,Trad,1.7,30,,3,,0.89,-0.02,0,0,0,0,,,-0.06,on grade,https://www.mountainproject.com/route/115167149,name,Ren and Stimpy,,,trad,30,92.0,E,MP,7:35 am–12:40 pm,"AM sun, PM shade (trees/terrain add shade)",Shady area (MP).,
180,So Black It's Purple,Ren and Stimpy,West/North,5.9+,130,5.9+,Sport,2.1,30,,9,0.15,0.93,0.02,0,0,0,0,136,-6,-0.1,on grade,https://www.mountainproject.com/route/108369848,name,Ren and Stimpy,,,sport,30,93.0,E,MP,7:35 am–12:40 pm,"AM sun, PM shade (trees/terrain add shade)",Shady area (MP).,
181,Fatty Down,Ren and Stimpy,West/North,5.10a,140,5.9+,Sport,1.9,30,,7,-0.67,0.93,0.1,0,0,0,0,135,5,0.71,soft,https://www.mountainproject.com/route/108369855,name,Ren and Stimpy,,,sport,30,94.0,E,MP,7:35 am–12:40 pm,"AM sun, PM shade (trees/terrain add shade)",Shady area (MP).,
730,Eviction Notice,Prophecy Wall,West/North,5.7,70,5.7,Sport,1.2,40,Y,7,0.09,0.98,-0.01,0,0,0,0,80,-10,-0.09,on grade,https://www.mountainproject.com/route/124870773,name,Prophecy Wall,36.00388,-93.29631,sport,40,94.5,E,geo,7:35 am–12:40 pm,"AM sun, PM shade",West-side cliff line.,
182,Paying the Rent aka The Prophet,Prophecy Wall,West/North,5.14a,790,5.14a,Sport,3.5,50,,3,,,,0,0,0,0,,,0.0,on grade,https://www.mountainproject.com/route/105986424,name,Prophecy Wall,36.00388,-93.29631,sport,45,95.0,E,geo,7:35 am–12:40 pm,"AM sun, PM shade",West-side cliff line.,
183,Paying the Tranny,Prophecy Wall,West/North,5.13b,610,5.13b,Sport,3.2,,,4,,0.0,,1,0,0,0,,,0.3,leans soft,https://www.mountainproject.com/route/108319229,name,Prophecy Wall,36.00388,-93.29631,sport,45,95.001,E,geo,7:35 am–12:40 pm,"AM sun, PM shade",West-side cliff line.,
184,Granny Tranny,Prophecy Wall,West/North,5.11c,280,5.11d,Sport,3.3,55,,11,1.09,0.64,0.16,0,0,0,0,314,-34,-0.79,stiff,https://www.mountainproject.com/route/106286996,name,Prophecy Wall,36.00388,-93.29631,sport,55,96.0,E,geo,7:35 am–12:40 pm,"AM sun, PM shade",West-side cliff line.,
185,Taliban Soup,Prophecy Wall,West/North,5.11b,250,5.11,Sport,3.8,,,73,0.33,0.53,0.0,1,1,1,1,260,-10,-0.66,stiff,https://www.mountainproject.com/route/105986418,name,Prophecy Wall,36.00388,-93.29631,sport,50,97.0,E,geo,7:35 am–12:40 pm,"AM sun, PM shade",West-side cliff line.,
186,Egyptian Airbus,Prophecy Wall,West/North,5.12c,440,5.12b/c,Sport,3.4,65,,15,-0.5,0.08,,1,0,0,0,415,25,1.05,soft,https://www.mountainproject.com/route/105986411,name,Prophecy Wall,36.00388,-93.29631,sport,50,98.0,E,geo,7:35 am–12:40 pm,"AM sun, PM shade",West-side cliff line.,
187,Dirka Dirka,Prophecy Wall,West/North,5.11c,280,5.11c,Sport,3.5,60,,20,-0.22,0.48,0.01,1,0,0,0,273,7,0.77,soft,https://www.mountainproject.com/route/108484284,inferred - verify,Prophecy Wall,36.00388,-93.29631,sport,50,99.0,E,geo,7:35 am–12:40 pm,"AM sun, PM shade",West-side cliff line.,
188,Learning to Fly,Prophecy Wall,West/North,5.10c,180,5.10c,Sport,3.6,55,,73,-0.13,0.69,-0.09,1,0,1,1,177,3,0.32,leans soft,https://www.mountainproject.com/route/106049435,name,Prophecy Wall,36.00388,-93.29631,sport,55,100.0,E,geo,7:35 am–12:40 pm,"AM sun, PM shade",West-side cliff line.,
189,Jihad,Prophecy Wall,West/North,5.10d,200,5.10b,Sport,2.3,55,,21,-1.62,0.68,0.09,0,4,0,3,168,32,2.27,soft,https://www.mountainproject.com/route/106095908,name,Prophecy Wall,36.00388,-93.29631,sport,40,101.0,E,geo,7:35 am–12:40 pm,"AM sun, PM shade",West-side cliff line.,
190,Ramblin' Man,Prophecy Wall,West/North,5.8,90,5.8,Sport,2.5,30,Y,39,0.17,0.95,-0.02,1,0,0,1,100,-10,-0.08,on grade,https://www.mountainproject.com/route/106049429,name,Prophecy Wall,36.00388,-93.29631,sport,30,102.0,E,geo,7:35 am–12:40 pm,"AM sun, PM shade",West-side cliff line.,
191,Squirrel Deck,Titanic Boulder,West/North,5.8+,100,5.8+,Sport,2.5,30,,43,-0.04,0.94,-0.03,0,1,0,2,100,0,-0.29,leans stiff,https://www.mountainproject.com/route/106228710,name,Titanic Boulder,36.0053,-93.2973,sport,30,103.0,E,geo,7:35 am–12:40 pm,"AM sun, PM shade",Freestanding block below the west side; faces vary.,
192,The Lookout,Titanic Boulder,West/North,5.9+,130,5.9,Sport,2.5,30,,26,-0.24,0.91,-0.01,0,0,0,1,128,2,0.46,leans soft,https://www.mountainproject.com/route/105977030,name,Titanic Boulder,36.0053,-93.2973,sport,30,104.0,E,geo,7:35 am–12:40 pm,"AM sun, PM shade",Freestanding block below the west side; faces vary.,
193,Breach,Titanic Boulder,West/North,5.8,100,5.8 PG13,Trad,2.4,30,,15,0.15,0.83,-0.14,0,0,0,0,100,0,-0.57,leans stiff,https://www.mountainproject.com/route/106124133,name,Titanic Boulder,36.0053,-93.2973,trad,35,105.0,E,geo,7:35 am–12:40 pm,"AM sun, PM shade",Freestanding block below the west side; faces vary.,
195,Portside,Titanic Boulder,West/North,5.10d,200,5.11a,Sport,3.4,35,,32,1.0,0.51,-0.08,2,0,0,0,220,-20,-1.59,stiff,https://www.mountainproject.com/route/105965234,name,Titanic Boulder,36.0053,-93.2973,sport,35,106.0,E,geo,7:35 am–12:40 pm,"AM sun, PM shade",Freestanding block below the west side; faces vary.,
196,Ship of Fools,Titanic Boulder,West/North,5.10a,140,5.10a,Sport,2.8,40,,14,0.25,0.9,0.06,0,0,0,0,145,-5,-0.19,on grade,https://www.mountainproject.com/route/107109746,name,Titanic Boulder,36.0053,-93.2973,sport,40,107.0,E,geo,7:35 am–12:40 pm,"AM sun, PM shade",Freestanding block below the west side; faces vary.,
197,Cradle of The Deep,Titanic Boulder,West/North,5.12d,490,5.13a,Sport,3.4,30,,10,1.55,0.0,,0,0,0,0,600,-110,-1.55,stiff,https://www.mountainproject.com/route/105987725,name,Titanic Boulder,36.0053,-93.2973,sport,30,108.0,E,geo,7:35 am–12:40 pm,"AM sun, PM shade",Freestanding block below the west side; faces vary.,
198,Cradle of The Deep Original,Titanic Boulder,West/North,5.13a,550,,,,,,,,,,,,,,,,0.0,no data,,not on MP,Titanic Boulder,36.0053,-93.2973,sport,30,109.0,E,geo,7:35 am–12:40 pm,"AM sun, PM shade",Freestanding block below the west side; faces vary.,
199,Starboard List,Titanic Boulder,West/North,5.11a,250,5.11-,Trad,2.7,40,,7,0.36,0.25,-0.36,0,0,0,0,231,19,-1.16,stiff,https://www.mountainproject.com/route/105977216,name,Titanic Boulder,36.0053,-93.2973,trad,20,110.0,E,geo,7:35 am–12:40 pm,"AM sun, PM shade",Freestanding block below the west side; faces vary.,
201,TNC Forever,Titanic Boulder,West/North,5.10b,160,5.10b,Sport,1.9,20,,9,-0.33,0.92,0.09,0,0,0,0,153,7,0.53,leans soft,https://www.mountainproject.com/route/107109784,name,Titanic Boulder,36.0053,-93.2973,sport,20,111.0,E,geo,7:35 am–12:40 pm,"AM sun, PM shade",Freestanding block below the west side; faces vary.,
202,Tyler's B-day,Titanic Boulder,West/North,5.10c,180,5.10c,Sport,2.2,20,,7,-0.14,0.82,0.04,0,0,0,1,177,3,0.2,on grade,https://www.mountainproject.com/route/107109773,name,Titanic Boulder,36.0053,-93.2973,sport,20,112.0,E,geo,7:35 am–12:40 pm,"AM sun, PM shade",Freestanding block below the west side; faces vary.,
203,Cracked Rib,Titanic Boulder,West/North,5.10c,180,5.10c,Sport,1.9,30,,14,0.25,0.74,-0.04,0,0,0,2,185,-5,-0.45,leans stiff,https://www.mountainproject.com/route/105965243,name,Titanic Boulder,36.0053,-93.2973,sport,20,113.0,E,geo,7:35 am–12:40 pm,"AM sun, PM shade",Freestanding block below the west side; faces vary.,
204,Sea Shanty,Titanic Boulder,West/North,5.7,70,5.7,Sport,1.6,35,Y,12,-0.17,0.99,-0.0,0,0,0,0,78,-8,0.2,on grade,https://www.mountainproject.com/route/108311565,name,Titanic Wall,36.0053,-93.2974,sport,35,114.0,E,geo,7:35 am–12:40 pm,"AM sun, PM shade",West-side cliff line.,
205,The Megalodon,Titanic Boulder,West/North,5.9,120,5.9,Sport,1.5,30,Y,8,-0.04,0.85,-0.07,0,0,0,0,123,-3,-0.13,on grade,https://www.mountainproject.com/route/108311572,name,Titanic Wall,36.0053,-93.2974,sport,30,115.0,E,geo,7:35 am–12:40 pm,"AM sun, PM shade",West-side cliff line.,
206,Barnacles,Titanic Boulder,West/North,5.10a,140,5.10a,Sport,1.6,35,,6,0.22,0.86,0.03,0,0,0,0,144,-4,-0.06,on grade,https://www.mountainproject.com/route/108311584,name,Titanic Wall,36.0053,-93.2974,sport,30,116.0,E,geo,7:35 am–12:40 pm,"AM sun, PM shade",West-side cliff line.,
207,Skid Mark,Titanic Boulder,West/North,5.10b,160,5.10b,Sport,1.9,30,,9,0.06,0.79,-0.04,0,0,0,0,161,-1,-0.14,on grade,https://www.mountainproject.com/route/108311592,name,Titanic Wall,36.0053,-93.2974,sport,30,117.0,E,geo,7:35 am–12:40 pm,"AM sun, PM shade",West-side cliff line.,
208,Poop Deck,Titanic Boulder,West/North,5.6,60,5.6,Sport,1.7,30,Y,13,0.23,0.98,-0.02,0,0,0,0,72,-12,-0.34,leans stiff,https://www.mountainproject.com/route/107822692,name,Titanic Wall,36.0053,-93.2974,sport,30,118.0,E,geo,7:35 am–12:40 pm,"AM sun, PM shade",West-side cliff line.,
209,Little Dingy,Titanic Boulder,West/North,5.5,50,5.5,Sport,1.4,30,Y,19,0.47,0.99,-0.0,0,1,0,0,59,-9,-1.2,stiff,https://www.mountainproject.com/route/108311611,name,Titanic Wall,36.0053,-93.2974,sport,30,119.0,E,geo,7:35 am–12:40 pm,"AM sun, PM shade",West-side cliff line.,
210,Fuzzy Buckets,Titanic Boulder,West/North,5.9,120,5.9,Sport,1.9,30,Y,12,-0.39,0.98,0.06,0,0,0,0,108,12,0.63,soft,https://www.mountainproject.com/route/108311618,name,Titanic Wall,36.0053,-93.2974,sport,30,120.0,E,geo,7:35 am–12:40 pm,"AM sun, PM shade",West-side cliff line.,
211,New Doomsday,Doomsday Wall,West/North,5.9-,110,5.9-,Sport,1.8,40,Y,9,-0.37,0.97,0.05,0,1,0,0,100,10,0.17,on grade,https://www.mountainproject.com/route/108381385,name,The Doomsday Wall,36.00556,-93.29739,sport,40,121.0,E,MP,7:35 am–12:40 pm,"AM sun, PM shade",Good morning sun (MP).,
212,Z-Day,Doomsday Wall,West/North,5.8,90,5.8,Sport,1.7,40,Y,9,-0.11,0.97,-0.0,1,0,0,0,97,-7,0.39,leans soft,https://www.mountainproject.com/route/108381399,name,The Doomsday Wall,36.00556,-93.29739,sport,40,122.0,E,MP,7:35 am–12:40 pm,"AM sun, PM shade",Good morning sun (MP).,
213,Itchy and Scratchy,Doomsday Wall,West/North,5.9+,130,5.8+,Sport,2.1,50,Y,8,-0.87,0.99,0.07,0,0,0,0,104,26,0.87,soft,https://www.mountainproject.com/route/108381406,name,The Doomsday Wall,36.00556,-93.29739,sport,50,123.0,E,MP,7:35 am–12:40 pm,"AM sun, PM shade",Good morning sun (MP).,
214,The Giant Poison Ivy Monster from the Planet Scratch My Butt,Doomsday Wall,West/North,5.8,90,5.8,Sport,2.1,50,Y,10,-0.1,0.97,0.0,0,0,0,0,97,-7,0.11,on grade,https://www.mountainproject.com/route/108381412,name,The Doomsday Wall,36.00556,-93.29739,sport,50,124.0,E,MP,7:35 am–12:40 pm,"AM sun, PM shade",Good morning sun (MP).,
215,I Heart Tsunamis,Doomsday Wall,West/North,5.8,90,5.8,Sport,2.1,40,Y,10,0.03,0.97,0.0,0,0,0,0,100,-10,-0.02,on grade,https://www.mountainproject.com/route/108381426,name,The Doomsday Wall,36.00556,-93.29739,sport,40,125.0,E,MP,7:35 am–12:40 pm,"AM sun, PM shade",Good morning sun (MP).,
216,The Apophis Crater,Doomsday Wall,West/North,5.10b,160,5.10b,Sport,2.6,35,,7,-0.24,0.71,-0.12,0,0,0,0,155,5,-0.12,on grade,https://www.mountainproject.com/route/108381436,name,The Doomsday Wall,36.00556,-93.29739,sport,35,126.0,E,MP,7:35 am–12:40 pm,"AM sun, PM shade",Good morning sun (MP).,
217,Sour Girl,Spooky Dookie,West/North,5.10c,180,5.10b,Sport,3.1,35,,76,-0.69,0.63,-0.16,0,3,1,0,166,14,0.09,on grade,https://www.mountainproject.com/route/106049194,name,North Forty Routes,36.00881,-93.29549,sport,30,127.0,S,MP,8:10 am–6:00 pm,sun most of the day,Generally south-facing with exceptions; can chase shade (MP).,
218,Entema,Spooky Dookie,West/North,5.11b,250,5.11b,Sport,3.0,30,,3,,0.58,0.05,0,0,0,0,,,0.13,on grade,https://www.mountainproject.com/route/123052330,name,Spooky Dooky Wall,36.0078,-93.29805,sport,30,127.01,E,MP,7:35 am–12:40 pm,"AM sun, PM shade (trees/terrain add shade)","Short, shady, east-facing (MP).",
219,Poltergeist,Spooky Dookie,West/North,5.10c,180,5.10c/d,Sport,3.0,30,,3,,0.85,0.06,0,0,0,0,,,0.16,on grade,https://www.mountainproject.com/route/123052346,name,Spooky Dooky Wall,36.0078,-93.29805,sport,30,127.02,E,MP,7:35 am–12:40 pm,"AM sun, PM shade (trees/terrain add shade)","Short, shady, east-facing (MP).",
728,Buttgeist,Spooky Dookie,West/North,5.7,80,5.7,Trad,2.3,30,,2,,1.0,0.01,0,0,0,0,,,0.02,on grade,https://www.mountainproject.com/route/123052363,name,Spooky Dooky Wall,36.0078,-93.29805,trad,30,127.03,E,MP,7:35 am–12:40 pm,"AM sun, PM shade (trees/terrain add shade)","Short, shady, east-facing (MP).",
221,Turdulation,Spooky Dookie,West/North,5.8+,100,5.8+,Sport,1.9,30,Y,4,,0.91,-0.06,0,0,0,0,,,-0.15,on grade,https://www.mountainproject.com/route/123052375,name,Spooky Dooky Wall,36.0078,-93.29805,sport,30,127.05,E,MP,7:35 am–12:40 pm,"AM sun, PM shade (trees/terrain add shade)","Short, shady, east-facing (MP).",
222,Frankenbelly,Spooky Dookie,West/North,5.8,90,5.8,Sport,1.6,30,Y,5,0.0,0.97,-0.0,0,0,0,0,100,-10,-0.0,on grade,https://www.mountainproject.com/route/123052386,name,Spooky Dooky Wall,36.0078,-93.29805,sport,30,127.06,E,MP,7:35 am–12:40 pm,"AM sun, PM shade (trees/terrain add shade)","Short, shady, east-facing (MP).",
223,Bowel Power,Spooky Dookie,West/North,5.8,90,5.8,Sport,1.6,30,Y,4,,0.97,-0.0,0,0,0,0,,,-0.0,on grade,https://www.mountainproject.com/route/123052394,name,Spooky Dooky Wall,36.0078,-93.29805,sport,30,127.07,E,MP,7:35 am–12:40 pm,"AM sun, PM shade (trees/terrain add shade)","Short, shady, east-facing (MP).",
224,Super Gut,Spooky Dookie,West/North,5.9,120,5.9,Sport,1.6,30,Y,3,,0.93,0.02,0,0,0,0,,,0.04,on grade,https://www.mountainproject.com/route/123052400,name,Spooky Dooky Wall,36.0078,-93.29805,sport,30,127.08,E,MP,7:35 am–12:40 pm,"AM sun, PM shade (trees/terrain add shade)","Short, shady, east-facing (MP).",
225,Upper Decker,Spooky Dookie,West/North,5.10b,160,5.10b,Sport,2.5,30,,2,,0.79,-0.04,0,0,0,0,,,-0.09,on grade,https://www.mountainproject.com/route/123052406,name,Spooky Dooky Wall,36.0078,-93.29805,sport,30,127.09,E,MP,7:35 am–12:40 pm,"AM sun, PM shade (trees/terrain add shade)","Short, shady, east-facing (MP).",
226,The Missing Rack,Cooridor Area,West/North,5.7,80,5.7,Trad,1.3,25,,6,0.0,1.0,0.01,0,0,0,0,80,0,0.02,on grade,https://www.mountainproject.com/route/109665140,name,North Forty Routes,36.00881,-93.29549,trad,25,128.0,S,MP,8:10 am–6:00 pm,sun most of the day,Generally south-facing with exceptions; can chase shade (MP).,
228,Calf Butcher,Cooridor Area,West/North,5.7,80,5.8+ PG13,"Trad, TR",2.1,45,,4,,1.0,0.01,0,0,0,0,,,0.02,on grade,https://www.mountainproject.com/route/117548726,name,North Forty Routes,36.00881,-93.29549,trad,25,128.1,S,MP,8:10 am–6:00 pm,sun most of the day,Generally south-facing with exceptions; can chase shade (MP).,
230,Earl's Revenge,Cooridor Area,West/North,5.7,80,5.7,Trad,1.8,45,,9,0.0,1.0,0.01,0,0,0,0,80,0,0.02,on grade,https://www.mountainproject.com/route/110428873,name,North Forty Routes,36.00881,-93.29549,mixed,45,129.0,S,MP,8:10 am–6:00 pm,sun most of the day,Generally south-facing with exceptions; can chase shade (MP).,
232,"Meck, Mecke... What's the Difference?",Cooridor Area,West/North,5.9+,130,5.9+,Sport,2.6,35,Y,32,0.23,0.91,-0.01,0,0,0,1,137,-7,-0.48,leans stiff,https://www.mountainproject.com/route/107704526,name,North Forty Routes,36.00881,-93.29549,sport,35,130.0,S,MP,8:10 am–6:00 pm,sun most of the day,Generally south-facing with exceptions; can chase shade (MP).,
233,The Elephant Man,Cooridor Area,West/North,5.6,70,5.6,Trad,1.3,40,,6,-0.33,1.0,0.0,0,0,0,0,63,7,0.2,on grade,https://www.mountainproject.com/route/111109903,name,North Forty Routes,36.00881,-93.29549,trad,40,131.0,S,MP,8:10 am–6:00 pm,sun most of the day,Generally south-facing with exceptions; can chase shade (MP).,
235,Seaanna Says,Cooridor Area,West/North,5.11d,310,5.11c,Sport,2.6,30,,25,-0.92,0.27,-0.04,0,0,0,0,282,28,1.75,soft,https://www.mountainproject.com/route/108764826,name,North Forty Routes,36.00881,-93.29549,sport,30,132.0,S,MP,8:10 am–6:00 pm,sun most of the day,Generally south-facing with exceptions; can chase shade (MP).,
236,McLovin' It,Cooridor Area,West/North,5.12a,350,5.12b,Sport,2.7,35,,16,0.75,0.74,0.17,0,0,0,0,380,-30,-0.77,stiff,https://www.mountainproject.com/route/109960073,name,North Forty Routes,36.00881,-93.29549,sport,35,133.0,S,MP,8:10 am–6:00 pm,sun most of the day,Generally south-facing with exceptions; can chase shade (MP).,
237,Love Slave,Cooridor Area,West/North,5.11c,280,5.11c,Sport,3.4,40,,58,-0.17,0.45,-0.03,1,0,0,1,275,5,0.57,leans soft,https://www.mountainproject.com/route/105986396,name,North Forty Routes,36.00881,-93.29549,sport,30,134.0,S,MP,8:10 am–6:00 pm,sun most of the day,Generally south-facing with exceptions; can chase shade (MP).,
238,Goldmember,Cooridor Area,West/North,5.12b,390,5.12b,Sport,3.1,35,,6,0.0,0.56,0.15,0,0,0,0,390,0,0.36,leans soft,https://www.mountainproject.com/route/110261561,name,North Forty Routes,36.00881,-93.29549,sport,30,135.0,S,MP,8:10 am–6:00 pm,sun most of the day,Generally south-facing with exceptions; can chase shade (MP).,
239,Horny Goatweed,Cooridor Area,West/North,5.11a,220,5.11a,Sport,2.4,50,,33,0.02,0.66,0.04,0,0,0,0,221,-1,0.07,on grade,https://www.mountainproject.com/route/105979996,name,North Forty Routes,36.00881,-93.29549,sport,40,136.0,S,MP,8:10 am–6:00 pm,sun most of the day,Generally south-facing with exceptions; can chase shade (MP).,
240,Something for CiCi,Cooridor Area,West/North,5.10a,140,5.10a,Sport,2.2,35,,14,0.11,0.86,0.03,0,0,0,1,142,-2,-0.08,on grade,https://www.mountainproject.com/route/108369864,name,North Forty Routes,36.00881,-93.29549,sport,35,137.0,S,MP,8:10 am–6:00 pm,sun most of the day,Generally south-facing with exceptions; can chase shade (MP).,
241,Jackhole,Cooridor Area,West/North,5.10a,140,5.10a,Sport,2.4,45,,23,-0.38,0.81,-0.02,0,1,0,1,137,3,0.41,leans soft,https://www.mountainproject.com/route/105965098,name,North Forty Routes,36.00881,-93.29549,sport,40,138.0,S,MP,8:10 am–6:00 pm,sun most of the day,Generally south-facing with exceptions; can chase shade (MP).,
242,Around the Fur,Cooridor Area,West/North,5.8+,100,5.8,Sport,2.6,45,Y,38,-0.21,0.92,-0.05,0,0,0,0,100,0,0.29,leans soft,https://www.mountainproject.com/route/105965087,name,North Forty Routes,36.00881,-93.29549,sport,45,139.0,S,MP,8:10 am–6:00 pm,sun most of the day,Generally south-facing with exceptions; can chase shade (MP).,
243,Kurbcheck,Cooridor Area,West/North,5.9,120,5.8+,Sport,2.2,45,Y,28,-0.68,0.96,0.04,0,0,1,0,100,20,1.46,soft,https://www.mountainproject.com/route/105965093,name,North Forty Routes,36.00881,-93.29549,sport,45,140.0,S,MP,8:10 am–6:00 pm,sun most of the day,Generally south-facing with exceptions; can chase shade (MP).,
244,Harry Butthole Pussy Potter,Cooridor Area,West/North,5.9+,130,5.8+,Sport,2.5,45,Y,53,-0.76,0.89,-0.03,0,0,0,0,107,23,1.44,soft,https://www.mountainproject.com/route/105975842,name,North Forty Routes,36.00881,-93.29549,sport,45,141.0,S,MP,8:10 am–6:00 pm,sun most of the day,Generally south-facing with exceptions; can chase shade (MP).,
245,Hardly Spot 'Er,Cooridor Area,West/North,5.9,130,5.9,Trad,1.8,,,5,-0.2,0.88,-0.04,0,0,0,0,116,14,-0.01,on grade,https://www.mountainproject.com/route/111109457,name,North Forty Routes,36.00881,-93.29549,trad,30,142.0,S,MP,8:10 am–6:00 pm,sun most of the day,Generally south-facing with exceptions; can chase shade (MP).,
247,Hitman,Cooridor Area,West/North,5.13a,610,5.13a,Sport,3.0,45,,2,,,,0,0,0,0,,,0.0,on grade,https://www.mountainproject.com/route/127260170,name,North Forty Routes,36.00881,-93.29549,sport,65,142.1,S,MP,8:10 am–6:00 pm,sun most of the day,Generally south-facing with exceptions; can chase shade (MP).,
248,Balooga,Cooridor Area,West/North,5.13a,550,5.13a,Sport,3.0,40,,1,,,,1,0,0,0,,,0.3,leans soft,https://www.mountainproject.com/route/111785245,name,North Forty Routes,36.00881,-93.29549,sport,35,143.0,S,MP,8:10 am–6:00 pm,sun most of the day,Generally south-facing with exceptions; can chase shade (MP).,
249,"Mine, Mine, Mine",Cooridor Area,West/North,5.11d,310,5.12a,Sport,3.6,50,,53,0.58,0.28,-0.02,1,0,0,0,333,-23,-0.92,stiff,https://www.mountainproject.com/route/106098611,name,North Forty Routes,36.00881,-93.29549,sport,35,144.0,S,MP,8:10 am–6:00 pm,sun most of the day,Generally south-facing with exceptions; can chase shade (MP).,
250,Left for Dead,Cooridor Area,West/North,5.11b,250,5.11b,Sport,3.1,35,,9,0.39,0.37,-0.16,0,1,0,0,262,-12,-1.06,stiff,https://www.mountainproject.com/route/112221971,name,North Forty Routes,36.00881,-93.29549,sport,35,145.0,S,MP,8:10 am–6:00 pm,sun most of the day,Generally south-facing with exceptions; can chase shade (MP).,
251,Dive Bomb,Cooridor Area,West/North,5.10b,180,,,,,,,,,,,,,,,,0.0,no data,,not on MP,North Forty Routes,36.00881,-93.29549,trad,50,146.0,S,MP,8:10 am–6:00 pm,sun most of the day,Generally south-facing with exceptions; can chase shade (MP).,
253,Action Hotdog,Cooridor Area,West/North,5.6,60,5.6,Sport,2.1,40,,31,0.05,0.99,-0.01,0,0,0,0,70,-10,-0.11,on grade,https://www.mountainproject.com/route/107304962,name,North Forty Routes,36.00881,-93.29549,sport,30,147.0,S,MP,8:10 am–6:00 pm,sun most of the day,Generally south-facing with exceptions; can chase shade (MP).,
254,Perfect Hair Forever,Cooridor Area,West/North,5.7,70,5.7,Sport,2.5,40,,30,0.01,0.97,-0.02,0,0,1,0,80,-10,-0.08,on grade,https://www.mountainproject.com/route/106264896,name,North Forty Routes,36.00881,-93.29549,sport,35,148.0,S,MP,8:10 am–6:00 pm,sun most of the day,Generally south-facing with exceptions; can chase shade (MP).,
255,Uncle Grandfather,Cooridor Area,West/North,5.6,70,5.6,Trad,1.7,45,,11,0.09,1.0,0.0,0,0,0,0,71,-1,-0.1,on grade,https://www.mountainproject.com/route/108853975,name,North Forty Routes,36.00881,-93.29549,trad,40,149.0,S,MP,8:10 am–6:00 pm,sun most of the day,Generally south-facing with exceptions; can chase shade (MP).,
257,Auntie Grandmother,Cooridor Area,West/North,5.6,70,5.6,Trad,1.6,40,,6,0.0,1.0,0.0,0,0,0,0,70,0,0.0,on grade,https://www.mountainproject.com/route/111109138,name,North Forty Routes,36.00881,-93.29549,trad,40,150.0,S,MP,8:10 am–6:00 pm,sun most of the day,Generally south-facing with exceptions; can chase shade (MP).,
259,Bearded Lady,Cooridor Area,West/North,5.10d,220,5.10c,Trad,2.8,40,,8,-0.75,0.47,-0.12,0,1,0,0,185,35,-0.0,on grade,https://www.mountainproject.com/route/112324186,name,North Forty Routes,36.00881,-93.29549,trad,40,151.0,S,MP,8:10 am–6:00 pm,sun most of the day,Generally south-facing with exceptions; can chase shade (MP).,
261,Tattooed Lady Direct,Cooridor Area,West/North,5.11a,250,5.11a,Trad,3.0,40,,3,,0.4,-0.21,0,1,0,0,,,-0.83,stiff,https://www.mountainproject.com/route/111805645,name,North Forty Routes,36.00881,-93.29549,mixed,35,152.0,S,MP,8:10 am–6:00 pm,sun most of the day,Generally south-facing with exceptions; can chase shade (MP).,
263,Tattooed Lady,Cooridor Area,West/North,5.10d,220,,,,,,,,,,,,,,,,0.0,no data,,not on MP,North Forty Routes,36.00881,-93.29549,trad,45,153.0,S,MP,8:10 am–6:00 pm,sun most of the day,Generally south-facing with exceptions; can chase shade (MP).,
265,Venus Butterfly,Cooridor Area,West/North,5.13a,550,5.13a,Sport,2.7,40,,1,,0.0,,0,0,0,0,,,0.0,on grade,https://www.mountainproject.com/route/116585585,name,North Forty Routes,36.00881,-93.29549,sport,40,154.0,S,MP,8:10 am–6:00 pm,sun most of the day,Generally south-facing with exceptions; can chase shade (MP).,
266,Johnny Revelator,Cooridor Area,West/North,5.13a,550,5.13a,Sport,2.6,35,,3,,,,1,0,0,0,,,0.3,leans soft,https://www.mountainproject.com/route/116585562,name,North Forty Routes,36.00881,-93.29549,sport,35,155.0,S,MP,8:10 am–6:00 pm,sun most of the day,Generally south-facing with exceptions; can chase shade (MP).,
267,New Karkaras,Cooridor Area,West/North,5.9+,140,5.9,Trad,2.1,45,,7,-0.66,1.0,0.08,0,0,0,0,110,30,0.67,soft,https://www.mountainproject.com/route/112438974,name,North Forty Routes,36.00881,-93.29549,trad,30,156.0,S,MP,8:10 am–6:00 pm,sun most of the day,Generally south-facing with exceptions; can chase shade (MP).,
269,Karkaras,Cooridor Area,West/North,5.10a,160,5.10a,Trad,2.0,30,,1,,,,0,0,0,0,,,0.0,on grade,https://www.mountainproject.com/route/203780785,name,North Forty Routes,36.00881,-93.29549,trad,30,157.0,S,MP,8:10 am–6:00 pm,sun most of the day,Generally south-facing with exceptions; can chase shade (MP).,
271,More Better,Cooridor Area,West/North,5.10b,160,5.10b,Sport,2.4,50,,12,0.29,0.66,-0.17,0,1,0,0,166,-6,-1.07,stiff,https://www.mountainproject.com/route/107630868,name,North Forty Routes,36.00881,-93.29549,sport,50,158.0,S,MP,8:10 am–6:00 pm,sun most of the day,Generally south-facing with exceptions; can chase shade (MP).,
272,Serfs and Lords,Cooridor Area,West/North,5.10b,160,5.10b,Sport,1.9,60,,4,,0.88,0.06,0,0,0,0,,,0.14,on grade,https://www.mountainproject.com/route/109665158,name,North Forty Routes,36.00881,-93.29549,sport,55,159.0,S,MP,8:10 am–6:00 pm,sun most of the day,Generally south-facing with exceptions; can chase shade (MP).,
273,Keepem Separated,Cooridor Area,West/North,5.8+,110,5.8+,Trad,2.1,55,,6,0.17,0.92,-0.05,0,0,0,0,105,5,-0.22,on grade,https://www.mountainproject.com/route/112221930,name,North Forty Routes,36.00881,-93.29549,trad,55,160.0,S,MP,8:10 am–6:00 pm,sun most of the day,Generally south-facing with exceptions; can chase shade (MP).,
275,Scrambled Eggs,Circus Wall,West/North,5.8,100,5.8-,Sport,2.1,60,Y,22,-0.41,0.98,0.01,0,0,1,0,88,12,0.85,soft,https://www.mountainproject.com/route/108210943,name,North Forty Routes,36.00881,-93.29549,sport,60,161.0,S,MP,8:10 am–6:00 pm,sun most of the day,Generally south-facing with exceptions; can chase shade (MP).,
276,Spam,Circus Wall,West/North,5.7,80,5.7,Sport,2.4,55,Y,22,-0.06,0.99,-0.0,0,0,0,0,79,1,0.12,on grade,https://www.mountainproject.com/route/108210930,name,North Forty Routes,36.00881,-93.29549,sport,60,162.0,S,MP,8:10 am–6:00 pm,sun most of the day,Generally south-facing with exceptions; can chase shade (MP).,
277,Deep and Wide,Circus Wall,West/North,5.7,90,5.7,Trad,0.8,60,,4,,1.0,0.01,0,0,0,0,,,0.02,on grade,https://www.mountainproject.com/route/117807697,name,North Forty Routes,36.00881,-93.29549,trad,60,163.0,S,MP,8:10 am–6:00 pm,sun most of the day,Generally south-facing with exceptions; can chase shade (MP).,
279,Season of the Storm,Circus Wall,West/North,5.10a,160,5.10a,Sport,3.0,65,,97,-0.19,0.77,-0.06,1,0,0,7,139,21,0.53,leans soft,https://www.mountainproject.com/route/106269043,name,North Forty Routes,36.00881,-93.29549,sport,60,164.0,S,MP,8:10 am–6:00 pm,sun most of the day,Generally south-facing with exceptions; can chase shade (MP).,
280,Sonny Jim,Circus Wall,West/North,5.11a,250,5.11a,Sport,3.3,70,,103,-0.02,0.62,0.0,0,0,2,10,220,30,0.05,on grade,https://www.mountainproject.com/route/105970892,name,North Forty Routes,36.00881,-93.29549,sport,60,165.0,S,MP,8:10 am–6:00 pm,sun most of the day,Generally south-facing with exceptions; can chase shade (MP).,
281,Lavender Eye,Circus Wall,West/North,5.12a,390,5.12a,Sport,3.0,70,,66,-0.37,0.25,-0.32,2,0,1,3,335,55,0.55,leans soft,https://www.mountainproject.com/route/105970888,name,North Forty Routes,36.00881,-93.29549,sport,60,166.0,S,MP,8:10 am–6:00 pm,sun most of the day,Generally south-facing with exceptions; can chase shade (MP).,
282,First Normal Form,Circus Wall,West/North,5.10a,160,5.10a,Sport,3.1,65,,100,-0.18,0.77,-0.07,1,0,0,0,139,21,0.5,leans soft,https://www.mountainproject.com/route/105976438,name,North Forty Routes,36.00881,-93.29549,sport,60,167.0,S,MP,8:10 am–6:00 pm,sun most of the day,Generally south-facing with exceptions; can chase shade (MP).,
283,Green Goblin,Circus Wall,West/North,5.8,100,5.8,Sport,3.4,65,,140,0.08,0.9,-0.07,0,2,11,1,100,0,-0.92,stiff,https://www.mountainproject.com/route/105965785,name,North Forty Routes,36.00881,-93.29549,sport,60,168.0,S,MP,8:10 am–6:00 pm,sun most of the day,Generally south-facing with exceptions; can chase shade (MP).,
284,Ace in the Hole,Circus Wall,West/North,5.9,130,5.9+,Sport,2.9,65,,52,0.35,0.89,-0.03,0,0,2,0,135,-5,-0.78,stiff,https://www.mountainproject.com/route/107888833,name,North Forty Routes,36.00881,-93.29549,sport,65,169.0,S,MP,8:10 am–6:00 pm,sun most of the day,Generally south-facing with exceptions; can chase shade (MP).,
285,Brass in Pocket,Circus Wall,West/North,5.11b,310,,,,,,,,,,,,,,,,0.0,no data,,not on MP,North Forty Routes,36.00881,-93.29549,trad,60,170.0,S,MP,8:10 am–6:00 pm,sun most of the day,Generally south-facing with exceptions; can chase shade (MP).,
287,Trapeze Artist,Circus Wall,West/North,5.12b,440,5.12b,Sport,2.4,65,,9,-0.28,0.07,-0.34,0,1,1,0,379,61,-0.89,stiff,https://www.mountainproject.com/route/106889297,name,North Forty Routes,36.00881,-93.29549,sport,60,171.0,S,MP,8:10 am–6:00 pm,sun most of the day,Generally south-facing with exceptions; can chase shade (MP).,
288,Big Top,Circus Wall,West/North,5.11c,280,5.11c,Sport,3.6,65,,77,-0.47,0.38,-0.09,1,0,1,0,266,14,1.01,soft,https://www.mountainproject.com/route/105980008,name,North Forty Routes,36.00881,-93.29549,sport,55,172.0,S,MP,8:10 am–6:00 pm,sun most of the day,Generally south-facing with exceptions; can chase shade (MP).,
289,Fat Hand,Circus Wall,West/North,5.12a,350,5.12a,Sport,3.6,65,,88,-0.3,0.5,-0.07,7,1,0,2,338,12,1.63,soft,https://www.mountainproject.com/route/106299414,name,North Forty Routes,36.00881,-93.29549,sport,55,173.0,S,MP,8:10 am–6:00 pm,sun most of the day,Generally south-facing with exceptions; can chase shade (MP).,
290,Corn Grinder A0,Circus Wall,West/North,5.11b,280,5.11b,Sport,3.6,60,,6,0.08,0.45,-0.08,0,0,0,0,252,28,-0.25,leans stiff,https://www.mountainproject.com/route/119124027,name,North Forty Routes,36.00881,-93.29549,sport,60,174.0,S,MP,8:10 am–6:00 pm,sun most of the day,Generally south-facing with exceptions; can chase shade (MP).,
291,Corn Grinder (Free),Circus Wall,West/North,5.12c,490,5.12c,Sport,3.2,70,,25,-0.22,0.37,,2,0,0,0,429,61,1.04,soft,https://www.mountainproject.com/route/106294136,name,North Forty Routes,36.00881,-93.29549,sport,60,175.0,S,MP,8:10 am–6:00 pm,sun most of the day,Generally south-facing with exceptions; can chase shade (MP).,
292,Dancing Outlaw,Circus Wall,West/North,5.9+,140,5.9+,Sport,3.5,70,,74,0.29,0.72,-0.2,0,2,0,0,137,3,-1.67,stiff,https://www.mountainproject.com/route/107326739,name,North Forty Routes,36.00881,-93.29549,sport,65,176.0,S,MP,8:10 am–6:00 pm,sun most of the day,Generally south-facing with exceptions; can chase shade (MP).,
293,Side Show,Circus Wall,West/North,5.9+,160,5.9+ PG13,Trad,1.8,60,,4,,0.93,0.02,0,0,0,0,,,0.04,on grade,https://www.mountainproject.com/route/111274822,name,North Forty Routes,36.00881,-93.29549,mixed,65,177.0,S,MP,8:10 am–6:00 pm,sun most of the day,Generally south-facing with exceptions; can chase shade (MP).,
295,Slide Show,The Walls of Controversy,West/North,5.7,90,5.7,Trad,1.7,,,4,,1.0,0.01,0,0,0,0,,,0.02,on grade,https://www.mountainproject.com/route/111109495,name,North Forty Routes,36.00881,-93.29549,trad,60,178.0,S,MP,8:10 am–6:00 pm,sun most of the day,Generally south-facing with exceptions; can chase shade (MP).,
297,Summer Rain,The Walls of Controversy,West/North,5.6,70,5.6,Sport,2.7,65,,51,-0.06,0.99,-0.01,0,0,0,0,69,1,0.1,on grade,https://www.mountainproject.com/route/105981917,name,North Forty Routes,36.00881,-93.29549,sport,60,179.0,S,MP,8:10 am–6:00 pm,sun most of the day,Generally south-facing with exceptions; can chase shade (MP).,
298,Walker Arkansas Ranger,The Walls of Controversy,West/North,5.6,80,5.6,Trad,1.8,60,,4,,1.0,0.0,0,0,0,0,,,0.0,on grade,https://www.mountainproject.com/route/113433664,name,North Forty Routes,36.00881,-93.29549,trad,60,180.0,S,MP,8:10 am–6:00 pm,sun most of the day,Generally south-facing with exceptions; can chase shade (MP).,
300,Cotton Candy,The Walls of Controversy,West/North,5.6,70,5.6,Sport,3.3,60,,98,-0.04,0.99,-0.01,1,1,0,1,69,1,0.07,on grade,https://www.mountainproject.com/route/106098456,name,North Forty Routes,36.00881,-93.29549,sport,60,181.0,S,MP,8:10 am–6:00 pm,sun most of the day,Generally south-facing with exceptions; can chase shade (MP).,
301,The Controversy,The Walls of Controversy,West/North,5.9,130,5.9,Sport,2.8,65,,46,0.1,0.81,-0.1,0,3,0,1,128,2,-1.36,stiff,https://www.mountainproject.com/route/105976420,name,North Forty Routes,36.00881,-93.29549,sport,60,182.0,S,MP,8:10 am–6:00 pm,sun most of the day,Generally south-facing with exceptions; can chase shade (MP).,
302,Lion Tamer,The Walls of Controversy,West/North,5.9-,120,5.9-,Sport,2.8,65,,55,-0.1,0.99,0.07,0,0,0,0,107,13,0.37,leans soft,https://www.mountainproject.com/route/105976426,name,North Forty Routes,36.00881,-93.29549,sport,60,183.0,S,MP,8:10 am–6:00 pm,sun most of the day,Generally south-facing with exceptions; can chase shade (MP).,
303,Frankenberry,The Walls of Controversy,West/North,5.9+,140,5.9+,Sport,2.5,60,,17,0.02,0.85,-0.07,0,1,0,0,135,5,-0.5,leans stiff,https://www.mountainproject.com/route/107424367,name,North Forty Routes,36.00881,-93.29549,sport,60,184.0,S,MP,8:10 am–6:00 pm,sun most of the day,Generally south-facing with exceptions; can chase shade (MP).,
304,Paul's Redemption,The Walls of Controversy,West/North,5.7,80,5.7,Sport,2.6,60,,22,-0.32,1.0,0.0,0,0,0,0,77,3,0.65,soft,https://www.mountainproject.com/route/107424372,name,North Forty Routes,36.00881,-93.29549,sport,60,185.0,S,MP,8:10 am–6:00 pm,sun most of the day,Generally south-facing with exceptions; can chase shade (MP).,
305,Wanted Man,The Walls of Controversy,West/North,5.6,80,5.6,Trad,2.2,60,,7,0.0,1.0,0.0,0,0,1,0,70,10,0.0,on grade,https://www.mountainproject.com/route/111109512,name,North Forty Routes,36.00881,-93.29549,trad,60,186.0,S,MP,8:10 am–6:00 pm,sun most of the day,Generally south-facing with exceptions; can chase shade (MP).,
307,Sin Nombre,The Walls of Controversy,West/North,5.9-,110,5.9-,Sport,2.3,55,,16,0.02,0.93,0.01,0,0,0,0,111,-1,0.0,on grade,https://www.mountainproject.com/route/110244473,name,North Forty Routes,36.00881,-93.29549,sport,50,187.0,S,MP,8:10 am–6:00 pm,sun most of the day,Generally south-facing with exceptions; can chase shade (MP).,
308,Count Chalkula,The Walls of Controversy,West/North,5.10b,160,5.10a/b,Sport,2.1,55,,25,-0.55,0.73,-0.09,0,2,1,0,149,11,0.27,leans soft,https://www.mountainproject.com/route/105977423,name,North Forty Routes,36.00881,-93.29549,sport,50,188.0,S,MP,8:10 am–6:00 pm,sun most of the day,Generally south-facing with exceptions; can chase shade (MP).,
309,Cow Killer,The Walls of Controversy,West/North,5.7,80,5.7,Trad,1.5,40,,7,-0.43,1.0,0.01,1,0,0,0,76,4,0.62,soft,https://www.mountainproject.com/route/108061447,name,North Forty Routes,36.00881,-93.29549,trad,40,189.0,S,MP,8:10 am–6:00 pm,sun most of the day,Generally south-facing with exceptions; can chase shade (MP).,
311,Dancing Bears,The Walls of Controversy,West/North,5.5,60,5.5,Trad,1.9,50,,12,0.08,0.97,-0.03,0,0,0,0,52,8,-0.17,on grade,https://www.mountainproject.com/route/108210790,name,North Forty Routes,36.00881,-93.29549,trad,40,190.0,S,MP,8:10 am–6:00 pm,sun most of the day,Generally south-facing with exceptions; can chase shade (MP).,
313,Strongman,The Walls of Controversy,West/North,5.9+,130,5.9+,Sport,2.8,50,,79,0.17,0.8,-0.12,0,4,2,0,136,-6,-1.83,stiff,https://www.mountainproject.com/route/105977059,name,North Forty Routes,36.00881,-93.29549,sport,40,191.0,S,MP,8:10 am–6:00 pm,sun most of the day,Generally south-facing with exceptions; can chase shade (MP).,
314,The Greatest Show on Earth,The Walls of Controversy,West/North,5.8,90,5.8,Sport,3.0,40,,82,0.07,0.88,-0.09,0,1,9,1,100,-10,-0.67,stiff,https://www.mountainproject.com/route/105968393,name,North Forty Routes,36.00881,-93.29549,sport,40,192.0,S,MP,8:10 am–6:00 pm,sun most of the day,Generally south-facing with exceptions; can chase shade (MP).,
315,Stiff Neked Fools,The Walls of Controversy,West/North,5.8+,100,5.8+,Sport,2.5,40,,34,-0.23,0.98,0.01,0,0,1,0,100,0,0.49,leans soft,https://www.mountainproject.com/route/107503057,name,North Forty Routes,36.00881,-93.29549,sport,45,193.0,S,MP,8:10 am–6:00 pm,sun most of the day,Generally south-facing with exceptions; can chase shade (MP).,
316,Dreadlock Holiday,The Walls of Controversy,West/North,5.7,80,5.7,Trad,2.0,45,,6,0.0,1.0,0.01,0,0,0,0,80,0,0.02,on grade,https://www.mountainproject.com/route/108061451,name,North Forty Routes,36.00881,-93.29549,trad,45,194.0,S,MP,8:10 am–6:00 pm,sun most of the day,Generally south-facing with exceptions; can chase shade (MP).,
318,Circus Freaks,The Walls of Controversy,West/North,5.9-,120,5.9-,Trad,2.2,45,,8,-0.04,1.0,0.08,0,0,0,0,109,11,0.24,on grade,https://www.mountainproject.com/route/110392869,name,North Forty Routes,36.00881,-93.29549,trad,45,195.0,S,MP,8:10 am–6:00 pm,sun most of the day,Generally south-facing with exceptions; can chase shade (MP).,
320,African Herbman,The Walls of Controversy,West/North,5.8,90,5.8,Sport,3.2,55,,79,0.03,0.93,-0.04,1,0,1,0,100,-10,0.15,on grade,https://www.mountainproject.com/route/105968114,name,North Forty Routes,36.00881,-93.29549,sport,45,196.0,S,MP,8:10 am–6:00 pm,sun most of the day,Generally south-facing with exceptions; can chase shade (MP).,
321,Fairy Moans,The Walls of Controversy,West/North,5.7,80,5.7,Trad,1.9,50,,5,0.0,1.0,0.01,0,0,0,0,80,0,0.02,on grade,https://www.mountainproject.com/route/113882211,name,North Forty Routes,36.00881,-93.29549,trad,45,196.1,S,MP,8:10 am–6:00 pm,sun most of the day,Generally south-facing with exceptions; can chase shade (MP).,
323,Clown Suit,The Walls of Controversy,West/North,5.8,100,5.8,Trad,1.3,40,,3,,1.0,0.03,0,0,0,0,,,0.08,on grade,https://www.mountainproject.com/route/110392882,name,North Forty Routes,36.00881,-93.29549,trad,40,197.0,S,MP,8:10 am–6:00 pm,sun most of the day,Generally south-facing with exceptions; can chase shade (MP).,
325,Toweley,The Walls of Controversy,West/North,5.10c,180,5.10c,Sport,1.9,40,,7,0.07,0.62,-0.16,0,3,0,1,181,-1,-1.35,stiff,https://www.mountainproject.com/route/110393004,name,North Forty Routes,36.00881,-93.29549,sport,35,198.0,S,MP,8:10 am–6:00 pm,sun most of the day,Generally south-facing with exceptions; can chase shade (MP).,
326,Toweley 24HHH variation,The Walls of Controversy,West/North,5.8,90,5.8,Sport,2.5,35,,3,,1.0,0.03,0,0,0,0,,,0.08,on grade,https://www.mountainproject.com/route/111110228,name,North Forty Routes,36.00881,-93.29549,sport,35,199.0,S,MP,8:10 am–6:00 pm,sun most of the day,Generally south-facing with exceptions; can chase shade (MP).,
327,Mr. Hanky,The Walls of Controversy,West/North,5.11c,280,5.11c,Sport,3.3,45,,1,,0.5,0.03,0,0,0,0,,,0.07,on grade,https://www.mountainproject.com/route/110393018,name,North Forty Routes,36.00881,-93.29549,sport,45,200.0,S,MP,8:10 am–6:00 pm,sun most of the day,Generally south-facing with exceptions; can chase shade (MP).,
328,Petrified,The Walls of Controversy,West/North,5.12a,350,5.12a,Sport,2.3,40,,59,-0.78,0.8,0.23,6,1,0,4,319,31,3.34,soft,https://www.mountainproject.com/route/108106343,name,North Forty Routes,36.00881,-93.29549,sport,40,201.0,S,MP,8:10 am–6:00 pm,sun most of the day,Generally south-facing with exceptions; can chase shade (MP).,
329,Guide's Corner,The Walls of Controversy,West/North,5.7,80,5.7,Trad,2.0,40,,7,-0.43,1.0,0.01,0,0,0,0,76,4,0.32,leans soft,https://www.mountainproject.com/route/111109592,name,North Forty Routes,36.00881,-93.29549,trad,40,202.0,S,MP,8:10 am–6:00 pm,sun most of the day,Generally south-facing with exceptions; can chase shade (MP).,
331,Webster's Part,Crimp Scampi Area,West/North,5.8+,100,5.8- PG13,Sport,2.0,50,,41,-0.95,0.96,-0.01,0,0,0,1,81,19,1.88,soft,https://www.mountainproject.com/route/106710987,name,North Forty Routes,36.00881,-93.29549,sport,50,203.0,S,MP,8:10 am–6:00 pm,sun most of the day,Generally south-facing with exceptions; can chase shade (MP).,
332,Webster's Partner,Crimp Scampi Area,West/North,5.6,60,5.6,Sport,1.8,50,,8,0.0,1.0,0.0,0,0,0,0,70,-10,0.0,on grade,https://www.mountainproject.com/route/109419457,name,North Forty Routes,36.00881,-93.29549,sport,50,204.0,S,MP,8:10 am–6:00 pm,sun most of the day,Generally south-facing with exceptions; can chase shade (MP).,
333,Webster,Crimp Scampi Area,West/North,5.6,70,5.6,Trad,3.0,50,,2,,,,0,0,0,0,,,0.0,on grade,https://www.mountainproject.com/route/203779478,name,North Forty Routes,36.00881,-93.29549,trad,40,204.1,S,MP,8:10 am–6:00 pm,sun most of the day,Generally south-facing with exceptions; can chase shade (MP).,
335,Poetry in Goshen,Crimp Scampi Area,West/North,5.6,70,5.6,Trad,1.8,50,,5,0.0,1.0,0.0,0,0,0,0,70,0,0.0,on grade,https://www.mountainproject.com/route/109419470,name,North Forty Routes,36.00881,-93.29549,trad,50,205.0,S,MP,8:10 am–6:00 pm,sun most of the day,Generally south-facing with exceptions; can chase shade (MP).,
337,Adult Supervision,Crimp Scampi Area,West/North,5.10b,160,5.10b,Sport,2.4,40,,12,-0.08,0.79,-0.03,1,0,0,2,158,2,0.32,leans soft,https://www.mountainproject.com/route/108764883,name,North Forty Routes,36.00881,-93.29549,sport,40,206.0,S,MP,8:10 am–6:00 pm,sun most of the day,Generally south-facing with exceptions; can chase shade (MP).,
338,Smooth Criminal,Crimp Scampi Area,West/North,5.9,120,5.9,Sport,2.5,40,Y,11,-0.21,0.95,0.03,0,0,0,0,116,4,0.3,leans soft,https://www.mountainproject.com/route/108764890,name,North Forty Routes,36.00881,-93.29549,sport,40,207.0,S,MP,8:10 am–6:00 pm,sun most of the day,Generally south-facing with exceptions; can chase shade (MP).,
339,Mefloquine Dreams,Crimp Scampi Area,West/North,5.9,120,5.9,Sport,2.5,45,Y,12,0.0,0.9,-0.01,0,0,0,0,125,-5,-0.04,on grade,https://www.mountainproject.com/route/108765175,name,North Forty Routes,36.00881,-93.29549,sport,45,208.0,S,MP,8:10 am–6:00 pm,sun most of the day,Generally south-facing with exceptions; can chase shade (MP).,
340,Lamb Chops,Crimp Scampi Area,West/North,5.9,120,5.9 PG13,Sport,2.3,45,,6,0.0,0.93,0.02,0,0,0,0,125,-5,0.04,on grade,https://www.mountainproject.com/route/108765187,name,North Forty Routes,36.00881,-93.29549,sport,45,209.0,S,MP,8:10 am–6:00 pm,sun most of the day,Generally south-facing with exceptions; can chase shade (MP).,
341,Private Property,Crimp Scampi Area,West/North,5.10a,140,5.10a,Sport,3.2,55,,93,-0.01,0.8,-0.03,0,0,4,0,140,0,-0.05,on grade,https://www.mountainproject.com/route/105977938,name,North Forty Routes,36.00881,-93.29549,sport,50,210.0,S,MP,8:10 am–6:00 pm,sun most of the day,Generally south-facing with exceptions; can chase shade (MP).,
342,Crimp Scampi,Crimp Scampi Area,West/North,5.10d,200,5.10d,Sport,3.5,70,,165,0.06,0.43,-0.16,1,5,7,3,201,-1,-1.71,stiff,https://www.mountainproject.com/route/105970881,name,North Forty Routes,36.00881,-93.29549,sport,50,211.0,S,MP,8:10 am–6:00 pm,sun most of the day,Generally south-facing with exceptions; can chase shade (MP).,
343,Leonid,Crimp Scampi Area,West/North,5.9+,130,5.9,Sport,2.7,60,,46,-0.14,0.83,-0.08,1,1,0,0,131,-1,0.07,on grade,https://www.mountainproject.com/route/106098464,name,North Forty Routes,36.00881,-93.29549,sport,50,212.0,S,MP,8:10 am–6:00 pm,sun most of the day,Generally south-facing with exceptions; can chase shade (MP).,
344,Girth Hitch,Crimp Scampi Area,West/North,5.7+,80,5.7,Sport,2.5,45,,35,-0.27,0.98,-0.01,1,1,0,0,80,0,0.5,leans soft,https://www.mountainproject.com/route/106098472,name,North Forty Routes,36.00881,-93.29549,sport,45,213.0,S,MP,8:10 am–6:00 pm,sun most of the day,Generally south-facing with exceptions; can chase shade (MP).,
345,Short Stack,Crimp Scampi Area,West/North,5.8,100,5.8,Trad,2.0,45,,4,,1.0,0.03,0,0,0,1,,,0.08,on grade,https://www.mountainproject.com/route/111109621,name,North Forty Routes,36.00881,-93.29549,trad,45,214.0,S,MP,8:10 am–6:00 pm,sun most of the day,Generally south-facing with exceptions; can chase shade (MP).,
347,Local Hebrew,Crimp Scampi Area,West/North,5.9-,110,5.9+,Sport,2.5,50,,32,0.53,0.92,0.0,1,0,0,0,131,-21,-0.76,stiff,https://www.mountainproject.com/route/106098593,name,North Forty Routes,36.00881,-93.29549,sport,45,215.0,S,MP,8:10 am–6:00 pm,sun most of the day,Generally south-facing with exceptions; can chase shade (MP).,
348,Zeppelin,Crimp Scampi Area,West/North,5.7,80,5.7,Trad,1.4,45,,5,0.07,1.0,0.01,0,0,0,0,80,0,-0.02,on grade,https://www.mountainproject.com/route/107002731,name,North Forty Routes,36.00881,-93.29549,trad,45,216.0,S,MP,8:10 am–6:00 pm,sun most of the day,Generally south-facing with exceptions; can chase shade (MP).,
350,Little Manly Man,Crimp Scampi Area,West/North,5.7+,80,5.7,Sport,2.5,60,,34,-0.24,0.99,-0.0,0,0,0,0,80,0,0.48,leans soft,https://www.mountainproject.com/route/106104393,name,North Forty Routes,36.00881,-93.29549,sport,45,217.0,S,MP,8:10 am–6:00 pm,sun most of the day,Generally south-facing with exceptions; can chase shade (MP).,
351,Tunnel Vision,Crimp Scampi Area,West/North,5.7,70,5.7,Sport,1.9,60,,24,0.04,1.0,0.0,0,0,0,0,80,-10,-0.07,on grade,https://www.mountainproject.com/route/106104400,name,North Forty Routes,36.00881,-93.29549,sport,45,218.0,S,MP,8:10 am–6:00 pm,sun most of the day,Generally south-facing with exceptions; can chase shade (MP).,
352,Sundial,Crimp Scampi Area,West/North,5.7+,80,5.7,Sport,2.4,45,,38,-0.38,0.98,-0.01,0,0,0,1,80,0,0.73,soft,https://www.mountainproject.com/route/106137072,name,North Forty Routes,36.00881,-93.29549,sport,45,219.0,S,MP,8:10 am–6:00 pm,sun most of the day,Generally south-facing with exceptions; can chase shade (MP).,
353,Kid's Stuff,Crimp Scampi Area,West/North,5.5,50,5.5,Sport,2.4,45,,14,0.07,1.0,0.0,0,0,0,0,51,-1,-0.09,on grade,https://www.mountainproject.com/route/110525550,name,North Forty Routes,36.00881,-93.29549,sport,45,220.0,S,MP,8:10 am–6:00 pm,sun most of the day,Generally south-facing with exceptions; can chase shade (MP).,
354,Molt,Groovy Area,West/North,5.9-,110,5.9-,Sport,2.5,50,,38,-0.13,0.93,0.01,0,0,1,0,106,4,0.3,leans soft,https://www.mountainproject.com/route/106098603,name,North Forty Routes,36.00881,-93.29549,sport,40,221.0,S,MP,8:10 am–6:00 pm,sun most of the day,Generally south-facing with exceptions; can chase shade (MP).,
355,Tres Equis,Groovy Area,West/North,5.9-,110,5.8,Sport,2.4,45,,18,-0.41,0.95,0.03,0,1,0,0,100,10,0.52,leans soft,https://www.mountainproject.com/route/107530323,name,North Forty Routes,36.00881,-93.29549,sport,35,222.0,S,MP,8:10 am–6:00 pm,sun most of the day,Generally south-facing with exceptions; can chase shade (MP).,
356,Sure Thing,Groovy Area,West/North,5.7,80,5.7,Trad,1.8,30,,3,,1.0,0.01,0,0,0,0,,,0.02,on grade,https://www.mountainproject.com/route/111109642,name,North Forty Routes,36.00881,-93.29549,trad,30,223.0,S,MP,8:10 am–6:00 pm,sun most of the day,Generally south-facing with exceptions; can chase shade (MP).,
358,Ides of March,Groovy Area,West/North,5.7,70,5.7,Sport,2.1,40,,17,0.27,0.97,-0.02,0,0,0,0,80,-10,-0.51,leans stiff,https://www.mountainproject.com/route/107603134,name,North Forty Routes,36.00881,-93.29549,sport,35,224.0,S,MP,8:10 am–6:00 pm,sun most of the day,Generally south-facing with exceptions; can chase shade (MP).,
359,The Bulb,Groovy Area,West/North,5.9,120,5.8+,Sport,2.4,40,,26,-0.51,0.92,-0.0,0,0,0,0,105,15,1.02,soft,https://www.mountainproject.com/route/105965159,name,North Forty Routes,36.00881,-93.29549,sport,40,225.0,S,MP,8:10 am–6:00 pm,sun most of the day,Generally south-facing with exceptions; can chase shade (MP).,
360,Pulp Fiction,Groovy Area,West/North,5.8+,100,5.8+,Sport,2.2,40,,13,0.05,0.96,-0.0,0,0,0,0,101,-1,-0.08,on grade,https://www.mountainproject.com/route/108859361,name,North Forty Routes,36.00881,-93.29549,sport,40,226.0,S,MP,8:10 am–6:00 pm,sun most of the day,Generally south-facing with exceptions; can chase shade (MP).,
361,Sons of the Soil,Groovy Area,West/North,5.10a,140,5.10a,Sport,2.4,40,,30,0.12,0.85,0.02,0,0,0,0,142,-2,-0.2,on grade,https://www.mountainproject.com/route/105965172,name,North Forty Routes,36.00881,-93.29549,sport,40,227.0,S,MP,8:10 am–6:00 pm,sun most of the day,Generally south-facing with exceptions; can chase shade (MP).,
362,Groove Tube,Groovy Area,West/North,5.8,100,5.8,Trad,2.4,40,,5,0.07,0.93,-0.04,0,0,0,0,100,0,-0.14,on grade,https://www.mountainproject.com/route/109665185,name,North Forty Routes,36.00881,-93.29549,trad,40,228.0,S,MP,8:10 am–6:00 pm,sun most of the day,Generally south-facing with exceptions; can chase shade (MP).,
364,Tongue and Groove,Groovy Area,West/North,5.8+,110,5.8+,Trad,1.7,45,,4,,1.0,0.03,0,0,0,0,,,0.08,on grade,https://www.mountainproject.com/route/111109650,name,North Forty Routes,36.00881,-93.29549,trad,45,229.0,S,MP,8:10 am–6:00 pm,sun most of the day,Generally south-facing with exceptions; can chase shade (MP).,
366,Groovy,Groovy Area,West/North,5.8+,100,5.8,Sport,2.8,45,,44,-0.22,0.97,0.01,0,0,0,0,100,0,0.46,leans soft,https://www.mountainproject.com/route/106137077,name,North Forty Routes,36.00881,-93.29549,sport,45,230.0,S,MP,8:10 am–6:00 pm,sun most of the day,Generally south-facing with exceptions; can chase shade (MP).,
367,Zekes Didge Dance,Groovy Area,West/North,5.10b,160,5.10b,Sport,2.7,,,30,-0.09,0.85,0.02,0,0,0,3,158,2,0.24,on grade,https://www.mountainproject.com/route/108369875,name,North Forty Routes,36.00881,-93.29549,sport,45,231.0,S,MP,8:10 am–6:00 pm,sun most of the day,Generally south-facing with exceptions; can chase shade (MP).,
368,Newton County Mentality,Groovy Area,West/North,5.11a,220,5.11a,Sport,2.4,45,,40,-0.59,0.77,0.16,0,0,0,1,208,12,1.57,soft,https://www.mountainproject.com/route/105965185,name,North Forty Routes,36.00881,-93.29549,sport,50,232.0,S,MP,8:10 am–6:00 pm,sun most of the day,Generally south-facing with exceptions; can chase shade (MP).,
369,Playing Hooky,Groovy Area,West/North,5.8+,100,5.8+,Sport,2.5,50,,19,-0.07,0.98,0.01,0,0,0,0,100,0,0.15,on grade,https://www.mountainproject.com/route/108765215,name,North Forty Routes,36.00881,-93.29549,sport,50,233.0,S,MP,8:10 am–6:00 pm,sun most of the day,Generally south-facing with exceptions; can chase shade (MP).,
370,Brand New,Groovy Area,West/North,5.8,90,5.8,Sport,2.4,45,,16,0.02,0.98,0.02,0,0,0,0,100,-10,0.01,on grade,https://www.mountainproject.com/route/106718969,name,North Forty Routes,36.00881,-93.29549,sport,50,234.0,S,MP,8:10 am–6:00 pm,sun most of the day,Generally south-facing with exceptions; can chase shade (MP).,
371,Caught in the Closet Again,Groovy Area,West/North,5.8,90,5.7+,Sport,2.4,50,,22,-0.67,0.97,0.01,0,0,0,0,80,10,1.35,soft,https://www.mountainproject.com/route/107424389,name,North Forty Routes,36.00881,-93.29549,sport,50,235.0,S,MP,8:10 am–6:00 pm,sun most of the day,Generally south-facing with exceptions; can chase shade (MP).,
372,Eighteen Inches,Groovy Area,West/North,5.7,70,5.7,"Sport, TR",2.2,40,,20,0.05,0.99,-0.0,0,0,0,0,80,-10,-0.1,on grade,https://www.mountainproject.com/route/108341260,name,North Forty Routes,36.00881,-93.29549,sport,45,236.0,S,MP,8:10 am–6:00 pm,sun most of the day,Generally south-facing with exceptions; can chase shade (MP).,
373,Piratas Putas,Groovy Area,West/North,5.7,70,5.7,Sport,1.9,40,,14,-0.07,0.99,-0.0,0,0,0,0,79,-9,0.1,on grade,https://www.mountainproject.com/route/107822754,name,North Forty Routes,36.00881,-93.29549,sport,40,237.0,S,MP,8:10 am–6:00 pm,sun most of the day,Generally south-facing with exceptions; can chase shade (MP).,
374,Narwhal,Groovy Area,West/North,5.7,80,5.7,"Trad, TR",1.9,45,,11,-0.36,1.0,0.01,0,0,0,0,76,4,0.41,leans soft,https://www.mountainproject.com/route/108365226,name,North Forty Routes,36.00881,-93.29549,trad,40,238.0,S,MP,8:10 am–6:00 pm,sun most of the day,Generally south-facing with exceptions; can chase shade (MP).,
376,Flashbacks,Groovy Area,West/North,5.7,80,5.7,Trad,2.5,40,,20,-0.05,0.97,-0.02,1,0,1,0,80,0,0.35,leans soft,https://www.mountainproject.com/route/108765238,name,North Forty Routes,36.00881,-93.29549,trad,40,239.0,S,MP,8:10 am–6:00 pm,sun most of the day,Generally south-facing with exceptions; can chase shade (MP).,
378,Dos Hermanos,Groovy Area,West/North,5.8,90,5.8+,Sport,2.4,40,,26,0.36,0.88,-0.09,0,0,0,0,101,-11,-0.95,stiff,https://www.mountainproject.com/route/108765263,name,North Forty Routes,36.00881,-93.29549,sport,40,240.0,S,MP,8:10 am–6:00 pm,sun most of the day,Generally south-facing with exceptions; can chase shade (MP).,
379,Faded Memory,Groovy Area,West/North,5.7,80,5.7,Trad,1.7,40,,9,-0.22,0.98,-0.01,0,0,0,0,78,2,0.17,on grade,https://www.mountainproject.com/route/111109663,name,North Forty Routes,36.00881,-93.29549,trad,40,241.0,S,MP,8:10 am–6:00 pm,sun most of the day,Generally south-facing with exceptions; can chase shade (MP).,
381,Cows in The Mist,Groovy Area,West/North,5.7,70,5.7,Sport,2.7,40,,24,-0.04,0.99,-0.0,1,0,0,0,80,-10,0.38,leans soft,https://www.mountainproject.com/route/106718943,name,North Forty Routes,36.00881,-93.29549,sport,45,242.0,S,MP,8:10 am–6:00 pm,sun most of the day,Generally south-facing with exceptions; can chase shade (MP).,
382,Honorary Brave,Groovy Area,West/North,5.8,90,5.8,Sport,2.2,45,,22,-0.02,0.96,-0.01,0,0,0,1,99,-9,0.03,on grade,https://www.mountainproject.com/route/107822742,name,North Forty Routes,36.00881,-93.29549,sport,45,243.0,S,MP,8:10 am–6:00 pm,sun most of the day,Generally south-facing with exceptions; can chase shade (MP).,
383,Emma's Got a Mullet,Groovy Area,West/North,5.6,60,5.6,Sport,2.8,40,,33,0.15,0.99,-0.01,0,0,0,0,72,-12,-0.31,leans stiff,https://www.mountainproject.com/route/106718956,name,North Forty Routes,36.00881,-93.29549,sport,45,244.0,S,MP,8:10 am–6:00 pm,sun most of the day,Generally south-facing with exceptions; can chase shade (MP).,
384,Too Short for the Short Bus,Kindergarten Boulder,West/North,5.8+,100,5.8+,Sport,2.3,35,Y,28,-0.12,0.98,0.01,0,0,0,0,100,0,0.27,leans soft,https://www.mountainproject.com/route/107704543,inferred - verify,Kindergarten Boulder,36.00878,-93.29377,sport,35,244.114,S,geo,8:10 am–6:00 pm,sun most of the day,Freestanding boulder on the north side; faces vary.,
385,Jewell Always Smiles,Kindergarten Boulder,West/North,5.9,120,5.8+,Sport,2.0,35,Y,12,-0.78,0.99,0.07,0,0,0,0,100,20,1.11,soft,https://www.mountainproject.com/route/109567180,name,Kindergarten Boulder,36.00878,-93.29377,sport,35,245.0,S,geo,8:10 am–6:00 pm,sun most of the day,Freestanding boulder on the north side; faces vary.,
386,Owen's Best Buddy,Kindergarten Boulder,West/North,5.8,90,5.8,Sport,1.8,30,Y,11,-0.27,1.0,0.03,1,0,0,0,92,-2,0.68,soft,https://www.mountainproject.com/route/109567190,name,Kindergarten Boulder,36.00878,-93.29377,sport,30,246.0,S,geo,8:10 am–6:00 pm,sun most of the day,Freestanding boulder on the north side; faces vary.,
387,E-Kat,Kindergarten Boulder,West/North,5.6,60,5.7,Sport,1.9,35,,19,0.42,1.0,0.0,0,0,1,0,74,-14,-0.8,stiff,https://www.mountainproject.com/route/109567197,name,Kindergarten Boulder,36.00878,-93.29377,sport,35,247.0,S,geo,8:10 am–6:00 pm,sun most of the day,Freestanding boulder on the north side; faces vary.,
388,Little Miss Giggles,Kindergarten Boulder,West/North,5.5,50,5.5,Sport,1.9,35,,17,-0.29,1.0,0.01,0,0,0,0,50,0,0.51,leans soft,https://www.mountainproject.com/route/107822481,name,Kindergarten Boulder,36.00878,-93.29377,sport,35,248.0,S,geo,8:10 am–6:00 pm,sun most of the day,Freestanding boulder on the north side; faces vary.,
389,Swiss Family Pancakes,Kindergarten Boulder,West/North,5.2,30,5.2,Trad,2.0,30,,11,0.0,1.0,,0,0,0,0,30,0,0.0,on grade,https://www.mountainproject.com/route/111109679,name,Kindergarten Boulder,36.00878,-93.29377,trad,30,249.0,S,geo,8:10 am–6:00 pm,sun most of the day,Freestanding boulder on the north side; faces vary.,
391,Class Clown,Kindergarten Boulder,West/North,5.4,50,5.4,Trad,1.8,30,,16,-0.69,1.0,,0,0,0,0,43,7,1.1,soft,https://www.mountainproject.com/route/107822492,name,Kindergarten Boulder,36.00878,-93.29377,trad,30,250.0,S,geo,8:10 am–6:00 pm,sun most of the day,Freestanding boulder on the north side; faces vary.,
393,Crab Louse,Kindergarten Boulder,West/North,5.12b,390,5.12b,Sport,3.2,,,14,-0.32,0.48,0.07,2,0,0,0,377,13,1.21,soft,https://www.mountainproject.com/route/107083056,name,Kindergarten Boulder,36.00878,-93.29377,sport,30,251.0,S,geo,8:10 am–6:00 pm,sun most of the day,Freestanding boulder on the north side; faces vary.,
394,Legacy 26,Kindergarten Boulder,West/North,5.11b,250,5.11b,Sport,2.6,35,,15,-0.2,0.62,0.09,1,0,0,0,244,6,0.82,soft,https://www.mountainproject.com/route/111160887,name,Kindergarten Boulder,36.00878,-93.29377,sport,25,252.0,S,geo,8:10 am–6:00 pm,sun most of the day,Freestanding boulder on the north side; faces vary.,
395,Chica Bonita,Kindergarten Boulder,West/North,5.8,90,5.8,Sport,1.8,20,Y,9,-0.11,0.99,0.02,0,0,0,0,97,-7,0.15,on grade,https://www.mountainproject.com/route/109567092,name,Kindergarten Boulder,36.00878,-93.29377,sport,20,253.0,S,geo,8:10 am–6:00 pm,sun most of the day,Freestanding boulder on the north side; faces vary.,
396,Chico Bonito,Kindergarten Boulder,West/North,5.8+,100,5.8+,Sport,1.9,20,Y,9,-0.15,0.99,0.02,0,0,0,0,100,0,0.18,on grade,https://www.mountainproject.com/route/108378652,name,Kindergarten Boulder,36.00878,-93.29377,sport,20,254.0,S,geo,8:10 am–6:00 pm,sun most of the day,Freestanding boulder on the north side; faces vary.,
397,Ojos Locos,Kindergarten Boulder,West/North,5.9,120,5.9,Sport,1.8,20,Y,9,-0.11,0.98,0.07,0,0,0,0,120,0,0.26,leans soft,https://www.mountainproject.com/route/109567331,name,Kindergarten Boulder,36.00878,-93.29377,sport,20,255.0,S,geo,8:10 am–6:00 pm,sun most of the day,Freestanding boulder on the north side; faces vary.,
398,Sonrisa Loco,Kindergarten Boulder,West/North,5.10c,180,5.10c,Sport,2.4,25,,16,-0.62,0.85,0.07,1,0,1,0,168,12,1.46,soft,https://www.mountainproject.com/route/107826069,name,Kindergarten Boulder,36.00878,-93.29377,sport,25,256.0,S,geo,8:10 am–6:00 pm,sun most of the day,Freestanding boulder on the north side; faces vary.,
399,Roman's Empire,Kindergarten Boulder,West/North,5.10a,140,5.10a,Sport,2.6,25,,12,-0.1,0.84,0.0,0,0,0,0,139,1,0.13,on grade,https://www.mountainproject.com/route/109567301,name,Kindergarten Boulder,36.00878,-93.29377,sport,25,257.0,S,geo,8:10 am–6:00 pm,sun most of the day,Freestanding boulder on the north side; faces vary.,
400,The Romaniac,Kindergarten Boulder,West/North,5.10c,180,5.10c,Sport,2.2,30,,4,,0.79,0.0,0,0,0,0,,,0.01,on grade,https://www.mountainproject.com/route/109567319,name,Kindergarten Boulder,36.00878,-93.29377,sport,30,258.0,S,geo,8:10 am–6:00 pm,sun most of the day,Freestanding boulder on the north side; faces vary.,
401,Marek's Golden Way,Kindergarten Boulder,West/North,5.8,100,5.8,Trad,2.3,35,,7,0.05,1.0,0.03,0,0,0,0,100,0,0.04,on grade,https://www.mountainproject.com/route/109696808,name,Kindergarten Boulder,36.00878,-93.29377,trad,30,259.0,S,geo,8:10 am–6:00 pm,sun most of the day,Freestanding boulder on the north side; faces vary.,
403,Hangs a Little to the Left,Kindergarten Boulder,West/North,5.8,90,5.8,Sport,2.0,40,,12,0.11,0.96,-0.01,0,0,0,0,100,-10,-0.15,on grade,https://www.mountainproject.com/route/107704551,name,Kindergarten Boulder,36.00878,-93.29377,sport,35,260.0,S,geo,8:10 am–6:00 pm,sun most of the day,Freestanding boulder on the north side; faces vary.,
404,The Hurricane,Kindergarten Boulder,West/North,5.7,70,5.7,Sport,2.1,40,,20,0.07,0.99,-0.01,0,0,0,0,80,-10,-0.15,on grade,https://www.mountainproject.com/route/107704556,name,Kindergarten Boulder,36.00878,-93.29377,sport,35,261.0,S,geo,8:10 am–6:00 pm,sun most of the day,Freestanding boulder on the north side; faces vary.,
747,The Purpose,Kindergarten Boulder,West/North,5.8,100,5.8 R,Trad,2.0,35,,1,,,,0,0,0,0,,,0.0,on grade,https://www.mountainproject.com/route/201135669,name,Kindergarten Boulder,36.00878,-93.29377,trad,35,261.5,S,geo,8:10 am–6:00 pm,sun most of the day,Freestanding boulder on the north side; faces vary.,
405,The Accident,Kindergarten Boulder,West/North,5.9,130,5.9 R,Trad,1.3,35,,4,,0.94,0.02,0,0,0,0,,,0.05,on grade,https://www.mountainproject.com/route/111109803,name,Kindergarten Boulder,36.00878,-93.29377,trad,35,262.0,S,geo,8:10 am–6:00 pm,sun most of the day,Freestanding boulder on the north side; faces vary.,
407,Mossy Revelations,Kindergarten Boulder,West/North,5.7,80,5.8+ PG13,Trad,1.6,30,,8,0.92,1.0,0.01,0,2,0,0,98,-18,-1.32,stiff,https://www.mountainproject.com/route/110208605,name,Kindergarten Boulder,36.00878,-93.29377,trad,30,263.0,S,geo,8:10 am–6:00 pm,sun most of the day,Freestanding boulder on the north side; faces vary.,
409,The Poison Ivy Route,Kindergarten Boulder,West/North,5.6,70,5.7,Trad,1.9,40,,11,0.76,1.0,0.0,0,0,0,0,78,-8,-0.84,stiff,https://www.mountainproject.com/route/109635743,name,Kindergarten Boulder,36.00878,-93.29377,trad,30,264.0,S,geo,8:10 am–6:00 pm,sun most of the day,Freestanding boulder on the north side; faces vary.,
411,Lampe Land,Wall of Early Morning Light,West/North,5.8,90,5.8,Sport,2.5,45,,13,0.03,1.0,0.03,1,1,0,0,100,-10,0.04,on grade,https://www.mountainproject.com/route/109567110,name,North Forty Routes,36.00881,-93.29549,sport,45,265.0,S,MP,8:10 am–6:00 pm,sun most of the day,Generally south-facing with exceptions; can chase shade (MP).,
412,Something for Roman,Wall of Early Morning Light,West/North,5.10c,180,5.10c,Sport,1.6,45,,12,-0.47,0.91,0.13,0,0,0,0,171,9,0.88,soft,https://www.mountainproject.com/route/109567120,name,North Forty Routes,36.00881,-93.29549,sport,45,266.0,S,MP,8:10 am–6:00 pm,sun most of the day,Generally south-facing with exceptions; can chase shade (MP).,
413,Roman Says,Wall of Early Morning Light,West/North,5.9+,130,5.9+,Sport,2.6,45,,10,0.09,0.99,0.07,0,0,0,0,136,-6,0.1,on grade,https://www.mountainproject.com/route/109567130,name,North Forty Routes,36.00881,-93.29549,sport,45,267.0,S,MP,8:10 am–6:00 pm,sun most of the day,Generally south-facing with exceptions; can chase shade (MP).,
414,A Little Moore,Wall of Early Morning Light,West/North,5.10a,140,5.10a,Sport,2.5,40,,7,0.19,0.91,0.08,0,0,0,0,144,-4,0.06,on grade,https://www.mountainproject.com/route/109567138,name,North Forty Routes,36.00881,-93.29549,sport,40,268.0,S,MP,8:10 am–6:00 pm,sun most of the day,Generally south-facing with exceptions; can chase shade (MP).,
415,Something for E-Kat,Wall of Early Morning Light,West/North,5.9,120,5.9,Sport,2.1,40,Y,1,,0.93,0.01,0,0,0,0,,,0.02,on grade,https://www.mountainproject.com/route/109567148,name,North Forty Routes,36.00881,-93.29549,sport,40,269.0,S,MP,8:10 am–6:00 pm,sun most of the day,Generally south-facing with exceptions; can chase shade (MP).,
416,Some Moore Better,Wall of Early Morning Light,West/North,5.9-,110,5.9-,Sport,2.2,40,Y,2,,0.96,0.05,0,0,0,0,,,0.12,on grade,https://www.mountainproject.com/route/109567156,name,North Forty Routes,36.00881,-93.29549,sport,40,270.0,S,MP,8:10 am–6:00 pm,sun most of the day,Generally south-facing with exceptions; can chase shade (MP).,
417,Sin Nombre Moore,Wall of Early Morning Light,West/North,5.8+,100,5.8+,Sport,1.9,40,,3,,1.0,0.03,0,0,0,0,,,0.08,on grade,https://www.mountainproject.com/route/111110284,name,North Forty Routes,36.00881,-93.29549,sport,40,271.0,S,MP,8:10 am–6:00 pm,sun most of the day,Generally south-facing with exceptions; can chase shade (MP).,
418,The Great Gracious Grant,Wall of Early Morning Light,West/North,5.8,90,5.8,Sport,2.2,40,,7,0.05,0.99,0.02,0,0,0,0,100,-10,0.02,on grade,https://www.mountainproject.com/route/111110297,name,North Forty Routes,36.00881,-93.29549,sport,40,272.0,S,MP,8:10 am–6:00 pm,sun most of the day,Generally south-facing with exceptions; can chase shade (MP).,
419,The Perfect Trifecta,Wall of Early Morning Light,West/North,5.7+,80,5.7+,Sport,2.2,35,,4,,1.0,0.01,0,0,0,0,,,0.02,on grade,https://www.mountainproject.com/route/111110306,name,North Forty Routes,36.00881,-93.29549,sport,35,273.0,S,MP,8:10 am–6:00 pm,sun most of the day,Generally south-facing with exceptions; can chase shade (MP).,
420,The Kindergarten Pimp,Wall of Early Morning Light,West/North,5.9,120,5.9,Sport,2.6,30,Y,8,-0.04,0.87,-0.04,0,0,0,0,123,-3,-0.08,on grade,https://www.mountainproject.com/route/110169483,inferred - verify,The Land Beyond Routes,36.00982,-93.29337,sport,30,274.0,SE,MP,7:35 am–2:35 pm,AM to early PM sun,Generally east-facing; morning and afternoon sun (MP).,
421,Deadman Five,Wall of Early Morning Light,West/North,5.7,70,5.7,Sport,2.3,40,,16,-0.06,0.97,-0.02,0,0,0,0,79,-9,0.05,on grade,https://www.mountainproject.com/route/110169463,name,The Land Beyond Routes,36.00982,-93.29337,sport,40,275.0,SE,MP,7:35 am–2:35 pm,AM to early PM sun,Generally east-facing; morning and afternoon sun (MP).,
422,Hanging Judge,Wall of Early Morning Light,West/North,5.6,60,5.6,Sport,1.9,30,,17,0.29,0.99,-0.01,0,0,0,0,73,-13,-0.51,leans stiff,https://www.mountainproject.com/route/110169440,name,The Land Beyond Routes,36.00982,-93.29337,sport,30,276.0,SE,MP,7:35 am–2:35 pm,AM to early PM sun,Generally east-facing; morning and afternoon sun (MP).,
423,"Peaceful, But for Gunfire",Wall of Early Morning Light,West/North,5.6,60,5.6,Sport,2.2,30,,15,-0.13,0.99,-0.01,0,0,0,0,67,-7,0.18,on grade,https://www.mountainproject.com/route/108378540,name,The Land Beyond Routes,36.00982,-93.29337,sport,30,277.0,SE,MP,7:35 am–2:35 pm,AM to early PM sun,Generally east-facing; morning and afternoon sun (MP).,
424,Something For Sofia,The Land Beyond,West/North,5.11c,280,5.11c,Sport,3.0,25,,23,-0.3,0.46,-0.01,3,1,1,1,271,9,1.17,soft,https://www.mountainproject.com/route/108378487,name,The Land Beyond Routes,36.00982,-93.29337,sport,25,278.0,SE,MP,7:35 am–2:35 pm,AM to early PM sun,Generally east-facing; morning and afternoon sun (MP).,
425,Toys for Tots,The Land Beyond,West/North,5.7,70,5.7,Sport,1.9,35,Y,11,0.0,0.99,0.0,0,0,0,0,80,-10,0.0,on grade,https://www.mountainproject.com/route/108378482,name,The Land Beyond Routes,36.00982,-93.29337,sport,35,279.0,SE,MP,7:35 am–2:35 pm,AM to early PM sun,Generally east-facing; morning and afternoon sun (MP).,
426,Sofia Says,The Land Beyond,West/North,5.8+,100,5.8,Sport,2.4,45,Y,13,-0.43,0.99,0.02,2,0,1,0,97,3,1.21,soft,https://www.mountainproject.com/route/108369646,name,The Land Beyond Routes,36.00982,-93.29337,sport,45,280.0,SE,MP,7:35 am–2:35 pm,AM to early PM sun,Generally east-facing; morning and afternoon sun (MP).,
427,90 days,The Land Beyond,West/North,5.7,80,5.7,Trad,2.1,30,,4,,1.0,0.01,0,0,0,0,,,0.02,on grade,https://www.mountainproject.com/route/116805762,name,The Land Beyond Routes,36.00982,-93.29337,trad,40,280.1,SE,MP,7:35 am–2:35 pm,AM to early PM sun,Generally east-facing; morning and afternoon sun (MP).,
429,Yo Sista,The Land Beyond,West/North,5.9,120,5.9,Sport,2.3,40,Y,20,-0.33,0.99,0.07,0,0,0,0,110,10,0.83,soft,https://www.mountainproject.com/route/108825464,name,The Land Beyond Routes,36.00982,-93.29337,sport,40,281.0,SE,MP,7:35 am–2:35 pm,AM to early PM sun,Generally east-facing; morning and afternoon sun (MP).,
430,Pantry Moth Invasion,The Land Beyond,West/North,5.10b,160,5.10a,Sport,2.5,40,,23,-0.99,0.95,0.13,1,0,0,0,140,20,2.6,soft,https://www.mountainproject.com/route/108369633,name,The Land Beyond Routes,36.00982,-93.29337,sport,40,282.0,SE,MP,7:35 am–2:35 pm,AM to early PM sun,Generally east-facing; morning and afternoon sun (MP).,
431,Dog Crap Broken Fingers,The Land Beyond,West/North,5.10c,180,5.10c,Sport,2.8,40,,8,-0.06,0.95,0.16,0,0,0,0,179,1,0.45,leans soft,https://www.mountainproject.com/route/108369621,name,The Land Beyond Routes,36.00982,-93.29337,sport,40,283.0,SE,MP,7:35 am–2:35 pm,AM to early PM sun,Generally east-facing; morning and afternoon sun (MP).,
432,Fatty McFlipflops,The Land Beyond,West/North,5.11a,220,5.11a,Sport,2.4,40,,8,0.0,0.61,0.0,0,0,0,0,220,0,0.0,on grade,https://www.mountainproject.com/route/108369610,name,The Land Beyond Routes,36.00982,-93.29337,sport,40,284.0,SE,MP,7:35 am–2:35 pm,AM to early PM sun,Generally east-facing; morning and afternoon sun (MP).,
433,Sendtember,The Land Beyond,West/North,5.10b,160,5.10b,Sport,2.9,40,,14,-0.29,0.92,0.1,0,0,0,0,154,6,0.65,soft,https://www.mountainproject.com/route/108369600,name,The Land Beyond Routes,36.00982,-93.29337,sport,40,285.0,SE,MP,7:35 am–2:35 pm,AM to early PM sun,Generally east-facing; morning and afternoon sun (MP).,
434,Brat Holes,The Land Beyond,West/North,5.10d,200,5.10c/d,Sport,2.8,35,,9,-0.72,0.83,0.25,0,0,0,0,186,14,1.26,soft,https://www.mountainproject.com/route/108369585,name,The Land Beyond Routes,36.00982,-93.29337,sport,35,286.0,SE,MP,7:35 am–2:35 pm,AM to early PM sun,Generally east-facing; morning and afternoon sun (MP).,
435,Tembertantrum,The Land Beyond,West/North,5.10b,160,5.10b,Sport,2.6,35,,12,-0.21,0.93,0.11,0,0,0,0,156,4,0.53,leans soft,https://www.mountainproject.com/route/108369574,name,The Land Beyond Routes,36.00982,-93.29337,sport,35,287.0,SE,MP,7:35 am–2:35 pm,AM to early PM sun,Generally east-facing; morning and afternoon sun (MP).,
436,Tufantastic,The Land Beyond,West/North,5.9-,110,5.9-,Sport,2.1,35,Y,10,-0.17,1.0,0.08,0,0,0,0,105,5,0.38,leans soft,https://www.mountainproject.com/route/108369557,name,The Land Beyond Routes,36.00982,-93.29337,sport,35,288.0,SE,MP,7:35 am–2:35 pm,AM to early PM sun,Generally east-facing; morning and afternoon sun (MP).,
437,The Danforth Anchor,The Land Beyond,West/North,5.8+,100,5.8+,Sport,2.3,30,Y,12,0.25,0.96,-0.01,0,0,0,0,107,-7,-0.32,leans stiff,https://www.mountainproject.com/route/108378495,name,The Land Beyond Routes,36.00982,-93.29337,sport,30,289.0,SE,MP,7:35 am–2:35 pm,AM to early PM sun,Generally east-facing; morning and afternoon sun (MP).,
731,Damn Turtle,The Land Beyond,West/North,5.8,90,5.8-,Sport,2.5,35,Y,9,-0.22,0.97,0.01,0,0,0,0,93,-3,0.21,on grade,https://www.mountainproject.com/route/125919445,name,The Land Beyond Routes,36.00982,-93.29337,sport,35,289.5,SE,MP,7:35 am–2:35 pm,AM to early PM sun,Generally east-facing; morning and afternoon sun (MP).,
438,Another Shorty in the Forty,The Land Beyond,West/North,5.10c,180,5.10c,Sport,2.9,35,,8,0.0,0.75,-0.03,0,0,0,0,180,0,-0.07,on grade,https://www.mountainproject.com/route/107603184,name,The Land Beyond Routes,36.00982,-93.29337,sport,35,290.0,SE,MP,7:35 am–2:35 pm,AM to early PM sun,Generally east-facing; morning and afternoon sun (MP).,
439,Older... Better... Stronger... Faster,The Land Beyond,West/North,5.11a,220,5.11a,Sport,2.8,40,,13,0.0,0.54,-0.07,0,0,0,0,220,0,-0.18,on grade,https://www.mountainproject.com/route/108369565,name,The Land Beyond Routes,36.00982,-93.29337,sport,40,291.0,SE,MP,7:35 am–2:35 pm,AM to early PM sun,Generally east-facing; morning and afternoon sun (MP).,
440,Yo Mamma,The Land Beyond,West/North,5.10b,160,5.10a/b,Sport,3.2,35,Y,19,-0.21,0.84,0.02,0,0,0,0,156,4,0.44,leans soft,https://www.mountainproject.com/route/107603176,name,The Land Beyond Routes,36.00982,-93.29337,sport,40,292.0,SE,MP,7:35 am–2:35 pm,AM to early PM sun,Generally east-facing; morning and afternoon sun (MP).,
441,Shits and Giggles,Goat Cave,East,5.11d,310,5.12c,Sport,1.0,,,1,,,,0,0,0,0,,,0.0,on grade,https://www.mountainproject.com/route/106139129,name,Goat Cave,36.01125,-93.2879,sport,25,293.0,SE,MP,7:35 am–2:35 pm,AM to early PM sun (trees/terrain add shade),Shade in the afternoon (MP); cave roof stays shaded.,
442,Dirty Trip,Goat Cave,East,5.12c,440,5.12c,Sport,1.0,25,,1,,,,0,0,0,0,,,0.0,on grade,https://www.mountainproject.com/route/107424396,name,Goat Cave,36.01125,-93.2879,sport,25,294.0,SE,MP,7:35 am–2:35 pm,AM to early PM sun (trees/terrain add shade),Shade in the afternoon (MP); cave roof stays shaded.,
443,Greasy Kid's Stuff,Goat Cave,East,5.12a,350,5.12a,Sport,2.3,30,,2,,,,0,0,0,0,,,0.0,on grade,https://www.mountainproject.com/route/107424400,name,Goat Cave,36.01125,-93.2879,sport,30,295.0,SE,MP,7:35 am–2:35 pm,AM to early PM sun (trees/terrain add shade),Shade in the afternoon (MP); cave roof stays shaded.,
444,Anal Sac Expression,Goat Cave,East,5.10c,180,5.10d,Sport,2.9,55,,9,0.22,0.89,0.1,0,0,0,0,184,-4,0.06,on grade,https://www.mountainproject.com/route/106207950,name,Goat Cave,36.01125,-93.2879,sport,35,296.0,SE,MP,7:35 am–2:35 pm,AM to early PM sun (trees/terrain add shade),Shade in the afternoon (MP); cave roof stays shaded.,
445,Austrian Ass Attack,Goat Cave,East,5.11d,310,5.12a,Sport,3.1,50,,5,0.8,0.3,-0.0,0,0,0,0,342,-32,-0.41,leans stiff,https://www.mountainproject.com/route/105986443,name,Goat Cave,36.01125,-93.2879,sport,50,297.0,SE,MP,7:35 am–2:35 pm,AM to early PM sun (trees/terrain add shade),Shade in the afternoon (MP); cave roof stays shaded.,
446,Mexican Sac Pull,Goat Cave,East,5.11b,250,5.11b,Sport,3.2,40,,4,,0.41,-0.12,0,0,0,0,,,-0.3,leans stiff,https://www.mountainproject.com/route/107424404,name,Goat Cave,36.01125,-93.2879,sport,40,298.0,SE,MP,7:35 am–2:35 pm,AM to early PM sun (trees/terrain add shade),Shade in the afternoon (MP); cave roof stays shaded.,
447,PBR,Goat Cave,East,5.11b,250,5.11a,Sport,3.3,50,,2,,0.8,0.27,0,0,0,0,,,0.67,soft,https://www.mountainproject.com/route/106294153,name,Goat Cave,36.01125,-93.2879,sport,40,299.0,SE,MP,7:35 am–2:35 pm,AM to early PM sun (trees/terrain add shade),Shade in the afternoon (MP); cave roof stays shaded.,
448,Remember Sarah,Goat Cave,East,5.8,100,,,,,,,,,,,,,,,,0.0,no data,,not on MP,Goat Cave,36.01125,-93.2879,trad,40,300.0,SE,MP,7:35 am–2:35 pm,AM to early PM sun (trees/terrain add shade),Shade in the afternoon (MP); cave roof stays shaded.,
450,Goat Kingdom,Goat Cave,East,5.8,100,,,,,,,,,,,,,,,,0.0,no data,,not on MP,Goat Cave,36.01125,-93.2879,trad,40,301.0,SE,MP,7:35 am–2:35 pm,AM to early PM sun (trees/terrain add shade),Shade in the afternoon (MP); cave roof stays shaded.,
452,Man Junk,Goat Cave,East,5.12b,390,5.12b,Sport,2.9,50,,7,0.0,,,0,0,0,0,390,0,0.0,on grade,https://www.mountainproject.com/route/105986437,name,Goat Cave,36.01125,-93.2879,sport,30,302.0,SE,MP,7:35 am–2:35 pm,AM to early PM sun (trees/terrain add shade),Shade in the afternoon (MP); cave roof stays shaded.,
453,Ride the Short Bus,Goat Cave,East,5.11d,310,5.11d,Sport,3.2,50,,15,0.4,0.5,0.2,1,0,0,2,326,-16,0.19,on grade,https://www.mountainproject.com/route/106139138,inferred - verify,Goat Cave,36.01125,-93.2879,sport,40,303.0,SE,MP,7:35 am–2:35 pm,AM to early PM sun (trees/terrain add shade),Shade in the afternoon (MP); cave roof stays shaded.,
454,Respect My Authority,Goat Cave,East,5.12b,390,5.12b,Sport,3.6,45,,1,,0.06,-0.35,0,0,0,0,,,-0.87,stiff,https://www.mountainproject.com/route/107424419,name,Goat Cave,36.01125,-93.2879,sport,45,304.0,SE,MP,7:35 am–2:35 pm,AM to early PM sun (trees/terrain add shade),Shade in the afternoon (MP); cave roof stays shaded.,
455,Gracias,Mullet Buttress,East,5.9,130,5.9,Trad,1.0,35,,1,,,,0,0,0,0,,,0.0,on grade,https://www.mountainproject.com/route/201790853,name,Mullet Buttress,,,trad,30,304.5,W,geo,1:30 pm–6:35 pm,"AM shade, PM sun",East-side cliff line.,
457,De Nada,Mullet Buttress,East,5.10a,160,5.10a,Trad,2.0,35,,1,,,,0,0,0,0,,,0.0,on grade,https://www.mountainproject.com/route/201784897,name,Mullet Buttress,,,trad,35,305.0,W,geo,1:30 pm–6:35 pm,"AM shade, PM sun",East-side cliff line.,
459,Mixed Max,Mullet Buttress,East,5.11c,280,5.11c,Sport,2.8,35,,3,,,,0,0,0,0,,,0.0,on grade,https://www.mountainproject.com/route/106714141,name,Mullet Buttress,,,sport,45,306.0,W,geo,1:30 pm–6:35 pm,"AM shade, PM sun",East-side cliff line.,
460,White Stripes,Mullet Buttress,East,5.10d,200,5.10d,Sport,3.0,45,,1,,,,0,0,0,0,,,0.0,on grade,https://www.mountainproject.com/route/202077020,name,Mullet Buttress,,,sport,45,307.0,W,geo,1:30 pm–6:35 pm,"AM shade, PM sun",East-side cliff line.,
743,Flex Master,Mullet Buttress,East,5.10a,160,,,,,,,,,,,,,,,,0.0,no data,,not on MP,Mullet Buttress,,,trad,55,307.5,W,geo,1:30 pm–6:35 pm,"AM shade, PM sun",East-side cliff line.,
461,Bowflex,Mullet Buttress,East,5.6,80,5.6,Trad,2.5,45,,1,,1.0,0.0,0,0,0,0,,,0.0,on grade,https://www.mountainproject.com/route/125059885,name,Mullet Buttress,,,trad,60,308.0,W,geo,1:30 pm–6:35 pm,"AM shade, PM sun",East-side cliff line.,
463,French Flex,Mullet Buttress,East,5.9+,140,,,,,,,,,,,,,,,,0.0,no data,,not on MP,Mullet Buttress,,,trad,35,309.0,W,geo,1:30 pm–6:35 pm,"AM shade, PM sun",East-side cliff line.,
465,Ignatius,Mullet Buttress,East,5.10b,160,5.10b,Sport,2.5,40,,2,,,,0,0,0,0,,,0.0,on grade,https://www.mountainproject.com/route/118975917,name,Mullet Buttress,,,sport,40,310.0,W,geo,1:30 pm–6:35 pm,"AM shade, PM sun",East-side cliff line.,
466,Troubadour,Mullet Buttress,East,5.10c,180,5.10c,Sport,3.5,35,,3,,0.75,-0.03,0,0,0,0,,,-0.08,on grade,https://www.mountainproject.com/route/118975955,name,Mullet Buttress,,,sport,35,311.0,W,geo,1:30 pm–6:35 pm,"AM shade, PM sun",East-side cliff line.,
467,Business in the Front,Mullet Buttress,East,5.10c,180,5.10b,Sport,2.7,45,,5,-0.8,0.81,0.03,0,1,0,0,164,16,0.17,on grade,https://www.mountainproject.com/route/106137086,name,Mullet Buttress,,,sport,40,312.0,W,geo,1:30 pm–6:35 pm,"AM shade, PM sun",East-side cliff line.,
468,When Mullets Attack,Mullet Buttress,East,5.9+,140,,,,,,,,,,,,,,,,0.0,no data,,not on MP,Mullet Buttress,,,trad,45,313.0,W,geo,1:30 pm–6:35 pm,"AM shade, PM sun",East-side cliff line.,
470,Party in the Back,Mullet Buttress,East,5.8,90,5.8+,Sport,2.4,45,,9,0.48,0.92,-0.04,0,1,0,0,104,-14,-0.84,stiff,https://www.mountainproject.com/route/106137091,name,Mullet Buttress,,,sport,45,314.0,W,geo,1:30 pm–6:35 pm,"AM shade, PM sun",East-side cliff line.,
471,Pimp-Ass Midgiemullet,Mullet Buttress,East,5.10d,200,5.11a,Sport,2.9,50,,4,,,,0,0,0,0,,,0.0,on grade,https://www.mountainproject.com/route/106137096,inferred - verify,Mullet Buttress,,,sport,50,315.0,W,geo,1:30 pm–6:35 pm,"AM shade, PM sun",East-side cliff line.,
472,Joe Dirt,Mullet Buttress,East,5.10c,180,5.10d,Sport,2.5,50,,2,,,,0,0,0,0,,,0.0,on grade,https://www.mountainproject.com/route/111894735,name,Mullet Buttress,,,sport,55,316.0,W,geo,1:30 pm–6:35 pm,"AM shade, PM sun",East-side cliff line.,
473,Military Cut,Mullet Buttress,East,5.9+,130,5.9+,Sport,2.6,50,,5,0.27,0.85,-0.07,0,0,0,1,137,-7,-0.3,leans stiff,https://www.mountainproject.com/route/111894712,name,Mullet Buttress,,,sport,45,317.0,W,geo,1:30 pm–6:35 pm,"AM shade, PM sun",East-side cliff line.,
474,Mohawk,Mullet Buttress,East,5.10b,160,5.10b,Sport,2.2,50,,5,-0.3,0.78,-0.05,0,0,0,0,154,6,0.04,on grade,https://www.mountainproject.com/route/111889456,name,Mullet Buttress,,,sport,50,318.0,W,geo,1:30 pm–6:35 pm,"AM shade, PM sun",East-side cliff line.,
749,Cheddar Bay Biscuits,Land of the Lost,East,5.6,70,5.6,Trad,1.0,40,,1,,,,0,0,0,0,,,0.0,on grade,https://www.mountainproject.com/route/201109080,name,Land of the Lost,,,trad,40,318.5,W,MP,1:30 pm–6:35 pm,"AM shade, PM sun (trees/terrain add shade)",Gets little sun and is damp (MP).,
475,Left Sock,Land of the Lost,East,5.8,90,5.9-,Sport,2.0,40,,7,1.07,0.88,-0.09,0,0,0,0,127,-37,-0.97,stiff,https://www.mountainproject.com/route/106730448,name,Land of the Lost,,,sport,40,319.0,W,MP,1:30 pm–6:35 pm,"AM shade, PM sun (trees/terrain add shade)",Gets little sun and is damp (MP).,
704,Chowder Chimney,Land of the Lost,East,5.7,80,5.7,Trad,2.0,45,,1,,,,0,0,0,0,,,0.0,on grade,https://www.mountainproject.com/route/201133154,name,Land of the Lost,,,trad,45,319.5,W,MP,1:30 pm–6:35 pm,"AM shade, PM sun (trees/terrain add shade)",Gets little sun and is damp (MP).,
476,Whiskey River,Land of the Lost,East,5.9,130,5.9+ PG13,Trad,2.7,50,,2,,,,0,0,0,0,,,0.0,on grade,https://www.mountainproject.com/route/106730457,name,Land of the Lost,,,trad,50,320.0,W,MP,1:30 pm–6:35 pm,"AM shade, PM sun (trees/terrain add shade)",Gets little sun and is damp (MP).,
478,Sleestack,Land of the Lost,East,5.12b,390,5.12b,Sport,3.8,50,,3,,,,0,1,0,0,,,-0.3,leans stiff,https://www.mountainproject.com/route/106730465,name,Land of the Lost,,,sport,50,321.0,W,MP,1:30 pm–6:35 pm,"AM shade, PM sun (trees/terrain add shade)",Gets little sun and is damp (MP).,
479,Jimmy Hoffa,Land of the Lost,East,5.12b,390,5.12b,Sport,3.0,45,,1,,,,0,0,0,0,,,0.0,on grade,https://www.mountainproject.com/route/106730471,name,Land of the Lost,,,sport,45,322.0,W,MP,1:30 pm–6:35 pm,"AM shade, PM sun (trees/terrain add shade)",Gets little sun and is damp (MP).,
480,Atlantis,Land of the Lost,East,5.12a,350,5.12a,Sport,2.5,45,,3,,,,0,0,0,0,,,0.0,on grade,https://www.mountainproject.com/route/106730494,name,Land of the Lost,,,sport,45,323.0,W,MP,1:30 pm–6:35 pm,"AM shade, PM sun (trees/terrain add shade)",Gets little sun and is damp (MP).,
481,The Penny Cigarette,Land of the Lost,East,5.12a,350,5.12a,Sport,1.3,25,,2,,,,0,0,0,0,,,0.0,on grade,https://www.mountainproject.com/route/106730506,name,Land of the Lost,,,sport,25,324.0,W,MP,1:30 pm–6:35 pm,"AM shade, PM sun (trees/terrain add shade)",Gets little sun and is damp (MP).,
482,Split Personality,Land of the Lost,East,5.8,90,5.8,Sport,3.7,45,Y,10,-0.77,1.0,0.03,0,0,0,0,80,10,0.85,soft,https://www.mountainproject.com/route/114269972,name,Land of the Lost,,,sport,35,324.1,W,MP,1:30 pm–6:35 pm,"AM shade, PM sun (trees/terrain add shade)",Gets little sun and is damp (MP).,
483,Oh Elle Yeah,Land of the Lost,East,5.7,70,5.7,Sport,2.4,,Y,3,,0.95,-0.05,0,0,0,0,,,-0.12,on grade,https://www.mountainproject.com/route/116806954,name,Land of the Lost,,,sport,30,324.12,W,MP,1:30 pm–6:35 pm,"AM shade, PM sun (trees/terrain add shade)",Gets little sun and is damp (MP).,
484,Sunshine State of Mind,Land of the Lost,East,5.9+,130,5.9+,Sport,2.7,30,,3,,1.0,0.08,0,0,0,0,,,0.21,on grade,https://www.mountainproject.com/route/116749472,name,Land of the Lost,,,sport,30,324.3,W,MP,1:30 pm–6:35 pm,"AM shade, PM sun (trees/terrain add shade)",Gets little sun and is damp (MP).,
485,Ornithophobia,Land of the Lost,East,5.10b,160,5.10b,Sport,2.0,40,,1,,,,0,0,0,0,,,0.0,on grade,https://www.mountainproject.com/route/203906200,name,Land of the Lost,,,sport,30,324.4,W,MP,1:30 pm–6:35 pm,"AM shade, PM sun (trees/terrain add shade)",Gets little sun and is damp (MP).,
486,Rat With Wings,Land of the Lost,East,5.9,120,5.9,Sport,2.0,38,,2,,,,0,0,0,0,,,0.0,on grade,https://www.mountainproject.com/route/127381344,name,Land of the Lost,,,sport,30,324.5,W,MP,1:30 pm–6:35 pm,"AM shade, PM sun (trees/terrain add shade)",Gets little sun and is damp (MP).,
487,Pride,Land of the Lost,East,5.12b,390,5.12a/b,Sport,3.0,30,,3,,,,0,0,0,0,,,0.0,on grade,https://www.mountainproject.com/route/106730513,name,Land of the Lost,,,sport,30,325.0,W,MP,1:30 pm–6:35 pm,"AM shade, PM sun (trees/terrain add shade)",Gets little sun and is damp (MP).,
488,Envy,Land of the Lost,East,5.13a,550,5.13a,Sport,2.0,30,,2,,,,0,0,0,0,,,0.0,on grade,https://www.mountainproject.com/route/106730520,name,Land of the Lost,,,sport,30,326.0,W,MP,1:30 pm–6:35 pm,"AM shade, PM sun (trees/terrain add shade)",Gets little sun and is damp (MP).,
489,Hiking Under the Influence,Land of the Lost,East,5.10d,200,5.10d,Sport,2.7,35,,6,-0.08,0.56,-0.03,0,1,0,1,198,2,-0.33,leans stiff,https://www.mountainproject.com/route/106730528,name,Land of the Lost,,,sport,25,327.0,W,MP,1:30 pm–6:35 pm,"AM shade, PM sun (trees/terrain add shade)",Gets little sun and is damp (MP).,
490,Mini Me,Land of the Lost,East,5.11a,220,5.10d,Sport,2.0,20,,1,,,,0,0,0,0,,,0.0,on grade,https://www.mountainproject.com/route/106730537,name,Land of the Lost,,,sport,20,328.0,W,MP,1:30 pm–6:35 pm,"AM shade, PM sun (trees/terrain add shade)",Gets little sun and is damp (MP).,
491,Crag Dog Millionaire,Land of the Lost,East,5.6,60,5.6,"Sport, TR",1.2,20,Y,5,-0.4,1.0,0.0,1,0,0,0,62,-2,0.5,leans soft,https://www.mountainproject.com/route/114269943,name,Land of the Lost,,,sport,35,328.1,W,MP,1:30 pm–6:35 pm,"AM shade, PM sun (trees/terrain add shade)",Gets little sun and is damp (MP).,
492,Chili for Rent,Land of the Lost,East,5.6,60,5.6,Sport,2.2,30,Y,5,-0.2,1.0,0.0,0,0,0,0,66,-6,0.1,on grade,https://www.mountainproject.com/route/114269931,name,Land of the Lost,,,sport,35,328.2,W,MP,1:30 pm–6:35 pm,"AM shade, PM sun (trees/terrain add shade)",Gets little sun and is damp (MP).,
493,Pillar De Chili,Land of the Lost,East,5.8,90,5.9-,Sport,2.8,35,Y,4,,1.0,0.03,0,0,0,0,,,0.08,on grade,https://www.mountainproject.com/route/114269889,name,Land of the Lost,,,sport,35,328.3,W,MP,1:30 pm–6:35 pm,"AM shade, PM sun (trees/terrain add shade)",Gets little sun and is damp (MP).,
494,Slow Disaster,New Meadow,East,5.8,90,5.9-,"Sport, TR",2.3,55,,5,0.07,1.0,0.03,1,0,0,0,100,-10,0.34,leans soft,https://www.mountainproject.com/route/114268489,name,Super Slab,36.00712,-93.28802,sport,30,328.4,W,geo,1:30 pm–6:35 pm,"AM shade, PM sun",Middle East section of the east side.,
495,Beautiful Disaster,New Meadow,East,5.7,70,5.8,Sport,2.3,40,,5,0.8,0.98,-0.01,0,0,0,0,94,-24,-0.43,leans stiff,https://www.mountainproject.com/route/114269874,name,Super Slab,36.00712,-93.28802,sport,55,328.5,W,geo,1:30 pm–6:35 pm,"AM shade, PM sun",Middle East section of the east side.,
496,Confident Wreck,New Meadow,East,5.4,40,5.4,Sport,2.4,60,,6,0.17,1.0,,0,0,0,0,50,-10,-0.1,on grade,https://www.mountainproject.com/route/114268237,name,Super Slab,36.00712,-93.28802,sport,55,328.6,W,geo,1:30 pm–6:35 pm,"AM shade, PM sun",Middle East section of the east side.,
497,Jungle Porn,New Meadow,East,5.10a,140,5.10a,Sport,2.4,35,,3,,1.0,0.17,0,0,0,0,,,0.42,leans soft,https://www.mountainproject.com/route/125368905,name,Jungle Cliff,36.00815,-93.28731,sport,35,328.7,W,geo,1:30 pm–6:35 pm,"AM shade, PM sun",New Meadow; shady belay area (MP).,
498,Shorty's Bane,New Meadow,East,5.10a,140,5.10a,Sport,2.7,35,,4,,1.0,0.17,0,0,0,0,,,0.42,leans soft,https://www.mountainproject.com/route/125368978,name,Jungle Cliff,36.00815,-93.28731,sport,30,328.8,W,geo,1:30 pm–6:35 pm,"AM shade, PM sun",New Meadow; shady belay area (MP).,
499,The Jungles of Arkansas,New Meadow,East,5.10b,160,5.10b,Sport,2.2,40,,3,,0.91,0.09,0,0,0,0,,,0.21,on grade,https://www.mountainproject.com/route/125369050,name,Jungle Cliff,36.00815,-93.28731,sport,40,328.9,W,geo,1:30 pm–6:35 pm,"AM shade, PM sun",New Meadow; shady belay area (MP).,
500,Gin and Juice,New Meadow,East,5.10a,180,5.10a,Trad,1.0,65,,1,,,,0,0,0,0,,,0.0,on grade,https://www.mountainproject.com/route/108360405,name,The Tool Buttress,36.0071,-93.2875,trad,65,329.0,SW,MP,11:35 am–6:35 pm,"AM shade, PM sun",Sunny (MP).,
706,All the Friction,New Meadow,East,5.12a,390,,,,,,,,,,,,,,,,0.0,no data,,not on MP,Jungle Cliff,36.00815,-93.28731,mixed,55,329.5,W,geo,1:30 pm–6:35 pm,"AM shade, PM sun",New Meadow; shady belay area (MP).,
502,Short Cut,Middle East,East,5.7,80,5.7,Trad,1.0,,,1,,,,0,0,0,0,,,0.0,on grade,https://www.mountainproject.com/route/108360441,name,The Tool Buttress,36.0071,-93.2875,trad,35,330.0,SW,MP,11:35 am–6:35 pm,"AM shade, PM sun",Sunny (MP).,
504,The Poo-Choo Train,Middle East,East,5.11c,310,5.11c/d,Sport,2.7,65,,4,,0.25,-0.22,0,0,0,3,,,-0.56,leans stiff,https://www.mountainproject.com/route/106714094,name,The Tool Buttress,36.0071,-93.2875,sport,65,331.0,SW,MP,11:35 am–6:35 pm,"AM shade, PM sun",Sunny (MP).,
505,Don't Be A Tool,Middle East,East,5.12a,390,5.12a,Sport,3.5,65,,7,-0.21,0.45,-0.11,1,0,0,1,342,48,0.17,on grade,https://www.mountainproject.com/route/106207938,name,The Tool Buttress,36.0071,-93.2875,sport,65,332.0,SW,MP,11:35 am–6:35 pm,"AM shade, PM sun",Sunny (MP).,
506,Bum Fight,Middle East,East,5.12a,390,5.12a,Sport,2.9,70,,3,,,,0,0,0,0,,,0.0,on grade,https://www.mountainproject.com/route/108360459,name,The Tool Buttress,36.0071,-93.2875,sport,65,333.0,SW,MP,11:35 am–6:35 pm,"AM shade, PM sun",Sunny (MP).,
507,When Panties Fly,Middle East,East,5.10d,200,5.10d,Sport,3.2,65,,6,0.0,0.76,0.17,0,0,0,0,200,0,0.44,leans soft,https://www.mountainproject.com/route/108360545,name,The Tool Buttress,36.0071,-93.2875,sport,50,334.0,SW,MP,11:35 am–6:35 pm,"AM shade, PM sun",Sunny (MP).,
508,Parabola,Middle East,East,5.8,100,5.8,Sport,2.8,50,,8,0.04,0.96,-0.01,0,0,0,0,100,0,-0.06,on grade,https://www.mountainproject.com/route/108360584,name,The Tool Buttress,36.0071,-93.2875,sport,60,335.0,SW,MP,11:35 am–6:35 pm,"AM shade, PM sun",Sunny (MP).,
509,Maynard's Crossing,Middle East,East,5.9,120,5.9,Sport,3.0,60,,4,,0.86,-0.06,0,0,0,0,,,-0.15,on grade,https://www.mountainproject.com/route/108360556,name,The Tool Buttress,36.0071,-93.2875,sport,55,336.0,SW,MP,11:35 am–6:35 pm,"AM shade, PM sun",Sunny (MP).,
510,Oh Yeah,Middle East,East,5.9+,160,5.9+ PG13,Trad,1.0,60,,1,,,,0,0,0,0,,,0.0,on grade,https://www.mountainproject.com/route/113412359,name,Nipple Stimulation Alcove,36.00674,-93.28721,trad,60,337.0,W,geo,1:30 pm–6:35 pm,"AM shade, PM sun",Middle East section of the east side.,
512,Nipple Stimulation,Middle East,East,5.10a,140,5.10a/b,Sport,3.0,50,,7,0.43,0.86,0.02,0,0,0,0,149,-9,-0.24,on grade,https://www.mountainproject.com/route/111115182,name,Nipple Stimulation Alcove,36.00674,-93.28721,sport,50,338.0,W,geo,1:30 pm–6:35 pm,"AM shade, PM sun",Middle East section of the east side.,
513,Silver Lisp,Middle East,East,5.10c,180,5.10c,Sport,2.3,40,,3,,0.75,-0.03,0,0,0,0,,,-0.08,on grade,https://www.mountainproject.com/route/118018688,name,Nipple Stimulation Alcove,36.00674,-93.28721,sport,40,339.0,W,geo,1:30 pm–6:35 pm,"AM shade, PM sun",Middle East section of the east side.,
514,Gypsy Gold,Middle East,East,5.10b,160,5.10b,Sport,2.3,30,,3,,0.91,0.09,0,0,0,0,,,0.21,on grade,https://www.mountainproject.com/route/118018716,inferred - verify,Nipple Stimulation Alcove,36.00674,-93.28721,sport,30,340.0,W,geo,1:30 pm–6:35 pm,"AM shade, PM sun",Middle East section of the east side.,
515,Slot Machine,Middle East,East,5.10a,140,5.10a,Sport,2.7,30,,2,,1.0,0.17,0,0,0,0,,,0.42,leans soft,https://www.mountainproject.com/route/111836448,name,Nipple Stimulation Alcove,36.00674,-93.28721,sport,30,341.0,W,geo,1:30 pm–6:35 pm,"AM shade, PM sun",Middle East section of the east side.,
516,Hard-On,Middle East,East,5.8+,120,5.8+,Trad,2.3,60,,1,,,,0,0,0,0,,,0.0,on grade,https://www.mountainproject.com/route/113412373,name,Nipple Stimulation Alcove,36.00674,-93.28721,mixed,60,342.0,W,geo,1:30 pm–6:35 pm,"AM shade, PM sun",Middle East section of the east side.,
518,Direct Hard-On,Middle East,East,5.7+,90,5.7+,Trad,1.3,40,,1,,1.0,0.01,0,0,0,0,,,0.02,on grade,https://www.mountainproject.com/route/113412385,name,Nipple Stimulation Alcove,36.00674,-93.28721,trad,40,343.0,W,geo,1:30 pm–6:35 pm,"AM shade, PM sun",Middle East section of the east side.,
520,Trad Bod Squad,Middle East,East,5.9,130,5.9,Trad,1.0,40,,1,,,,0,0,0,0,,,0.0,on grade,https://www.mountainproject.com/route/124146018,name,Nipple Stimulation Alcove,36.00674,-93.28721,trad,40,343.5,W,geo,1:30 pm–6:35 pm,"AM shade, PM sun",Middle East section of the east side.,
522,Seth,Middle East,East,5.9+,140,5.9+,Trad,1.6,25,,3,,,,0,0,0,0,,,0.0,on grade,https://www.mountainproject.com/route/113433612,name,Rosie's Cantina Area,36.00644,-93.28695,trad,25,344.0,W,geo,1:30 pm–6:35 pm,"AM shade, PM sun",Middle East section of the east side.,
524,Zen,Middle East,East,5.10a,140,5.10a,Sport,1.3,45,,1,,,,0,0,0,0,,,0.0,on grade,https://www.mountainproject.com/route/120011293,name,Rosie's Cantina Area,36.00644,-93.28695,sport,45,345.0,W,geo,1:30 pm–6:35 pm,"AM shade, PM sun",Middle East section of the east side.,
525,Kai,Middle East,East,5.10a,140,5.10a,Sport,2.0,45,,2,,,,0,0,0,0,,,0.0,on grade,https://www.mountainproject.com/route/118040993,name,Rosie's Cantina Area,36.00644,-93.28695,sport,45,346.0,W,geo,1:30 pm–6:35 pm,"AM shade, PM sun",Middle East section of the east side.,
526,Rosie's Cantina,Middle East,East,5.9,120,5.9,Sport,3.3,50,,15,0.09,0.9,-0.02,0,1,0,0,128,-8,-0.48,leans stiff,https://www.mountainproject.com/route/107002739,name,Rosie's Cantina Area,36.00644,-93.28695,sport,45,347.0,W,geo,1:30 pm–6:35 pm,"AM shade, PM sun",Middle East section of the east side.,
527,Tequlia Sunrise,Middle East,East,5.7,80,5.7,Trad,1.3,40,,3,,1.0,0.01,0,0,0,0,,,0.02,on grade,https://www.mountainproject.com/route/113433410,name,Rosie's Cantina Area,36.00644,-93.28695,trad,40,348.0,W,geo,1:30 pm–6:35 pm,"AM shade, PM sun",Middle East section of the east side.,
529,Kekoa,Middle East,East,5.8,100,5.8,Trad,0.5,45,,2,,0.9,-0.07,0,0,0,0,,,-0.17,on grade,https://www.mountainproject.com/route/113433372,name,Rosie's Cantina Area,36.00644,-93.28695,trad,45,349.0,W,geo,1:30 pm–6:35 pm,"AM shade, PM sun",Middle East section of the east side.,
531,Makoa & Makaia,Middle East,East,5.11a,220,5.11a,Sport,1.0,40,,1,,,,0,0,0,0,,,0.0,on grade,https://www.mountainproject.com/route/118041069,name,Rosie's Cantina Area,36.00644,-93.28695,sport,40,350.0,W,geo,1:30 pm–6:35 pm,"AM shade, PM sun",Middle East section of the east side.,
532,Jacob's Ladder,Middle East,East,5.10d,200,5.10d,Sport,2.0,40,,1,,,,0,0,0,0,,,0.0,on grade,https://www.mountainproject.com/route/203906484,name,Rosie's Cantina Area,36.00644,-93.28695,sport,40,351.0,W,geo,1:30 pm–6:35 pm,"AM shade, PM sun",Middle East section of the east side.,
533,Redrum,Middle East,East,5.10c,180,5.10c,Sport,2.2,50,,4,,0.91,0.13,0,0,0,0,,,0.31,leans soft,https://www.mountainproject.com/route/109604741,name,Rosie's Cantina Area,36.00644,-93.28695,sport,45,352.0,W,geo,1:30 pm–6:35 pm,"AM shade, PM sun",Middle East section of the east side.,
534,It's a Boy!,Middle East,East,5.11a,220,5.11a,Sport,2.8,45,,3,,0.55,-0.07,0,0,0,0,,,-0.17,on grade,https://www.mountainproject.com/route/109604734,name,Rosie's Cantina Area,36.00644,-93.28695,sport,40,353.0,W,geo,1:30 pm–6:35 pm,"AM shade, PM sun",Middle East section of the east side.,
535,Dragon Reborn,Middle East,East,5.10b,160,5.10b,Sport,2.5,40,,5,0.3,1.0,0.18,0,0,0,0,166,-6,0.29,leans soft,https://www.mountainproject.com/route/109604718,name,Rosie's Cantina Area,36.00644,-93.28695,sport,45,354.0,W,geo,1:30 pm–6:35 pm,"AM shade, PM sun",Middle East section of the east side.,
751,Motor City Margarita,Middle East,East,5.8,100,5.8,Trad,2.0,45,,1,,,,0,0,0,0,,,0.0,on grade,https://www.mountainproject.com/route/201108989,name,Rosie's Cantina Area,36.00644,-93.28695,trad,45,354.5,W,geo,1:30 pm–6:35 pm,"AM shade, PM sun",Middle East section of the east side.,
536,Ermagerd,Middle East,East,5.9+,130,5.9+,Sport,2.4,45,,7,0.19,0.7,-0.22,0,2,0,0,136,-6,-1.28,stiff,https://www.mountainproject.com/route/109567060,name,Rosie's Cantina Area,36.00644,-93.28695,sport,45,355.0,W,geo,1:30 pm–6:35 pm,"AM shade, PM sun",Middle East section of the east side.,
537,Oakie Dokie,Middle East,East,5.8,90,5.8,Sport,1.9,45,,6,0.17,0.96,-0.01,0,0,0,2,100,-10,-0.13,on grade,https://www.mountainproject.com/route/109567048,name,Rosie's Cantina Area,36.00644,-93.28695,sport,45,356.0,W,geo,1:30 pm–6:35 pm,"AM shade, PM sun",Middle East section of the east side.,
538,Meh,Middle East,East,5.7,70,5.7+,Sport,2.1,45,,6,0.44,0.97,-0.02,0,0,0,0,83,-13,-0.31,leans stiff,https://www.mountainproject.com/route/109567020,name,Rosie's Cantina Area,36.00644,-93.28695,sport,45,357.0,W,geo,1:30 pm–6:35 pm,"AM shade, PM sun",Middle East section of the east side.,
539,El Regalo,Middle East,East,5.8,90,5.8,Sport,1.9,45,,3,,1.0,0.03,0,0,0,0,,,0.08,on grade,https://www.mountainproject.com/route/109567033,name,Rosie's Cantina Area,36.00644,-93.28695,sport,45,358.0,W,geo,1:30 pm–6:35 pm,"AM shade, PM sun",Middle East section of the east side.,
540,Megatron,Middle East,East,5.9,120,5.9,Sport,2.2,45,,1,,0.97,0.05,0,0,0,0,,,0.13,on grade,https://www.mountainproject.com/route/109567069,name,Rosie's Cantina Area,36.00644,-93.28695,sport,45,359.0,W,geo,1:30 pm–6:35 pm,"AM shade, PM sun",Middle East section of the east side.,
541,Mad Money,Middle East,East,5.7,70,5.7,Sport,1.9,40,,3,,0.97,-0.02,0,0,0,0,,,-0.06,on grade,https://www.mountainproject.com/route/109567084,name,Rosie's Cantina Area,36.00644,-93.28695,sport,40,360.0,W,geo,1:30 pm–6:35 pm,"AM shade, PM sun",Middle East section of the east side.,
542,Heavy Stigmatism,Magoo Rock,East,5.11a,220,5.11a,Sport,2.7,40,,16,-0.03,0.73,0.11,1,0,0,0,219,1,0.63,soft,https://www.mountainproject.com/route/106098309,name,Magoo Rock,36.00549,-93.2861,sport,45,361.0,W,geo,1:30 pm–6:35 pm,"AM shade, PM sun",East-side cliff line.,
543,Mr. Magoo,Magoo Rock,East,5.10b,160,5.10c,Sport,3.6,55,,40,0.84,0.85,0.03,0,0,1,0,177,-17,-1.6,stiff,https://www.mountainproject.com/route/106048532,name,Magoo Rock,36.00549,-93.2861,sport,45,362.0,W,geo,1:30 pm–6:35 pm,"AM shade, PM sun",East-side cliff line.,
544,Mr. Charlie,Magoo Rock,East,5.10d,200,5.10d,Sport,2.9,55,,14,-0.39,0.66,0.07,0,1,0,1,192,8,0.43,leans soft,https://www.mountainproject.com/route/106136652,name,Magoo Rock,36.00549,-93.2861,sport,45,363.0,W,geo,1:30 pm–6:35 pm,"AM shade, PM sun",East-side cliff line.,
545,Road Hog,Magoo Rock,East,5.10a,140,5.10a,Sport,3.1,,,21,0.17,0.84,0.0,0,1,0,0,143,-3,-0.63,stiff,https://www.mountainproject.com/route/106031324,name,Magoo Rock,36.00549,-93.2861,sport,50,364.0,W,geo,1:30 pm–6:35 pm,"AM shade, PM sun",East-side cliff line.,
546,Man Servant,Magoo Rock,East,5.9+,130,5.9+,Sport,3.3,50,,70,-0.03,0.79,-0.13,0,1,1,1,134,-4,-0.57,leans stiff,https://www.mountainproject.com/route/106048554,name,Magoo Rock,36.00549,-93.2861,sport,50,365.0,W,geo,1:30 pm–6:35 pm,"AM shade, PM sun",East-side cliff line.,
547,Monkeys on Magoo,Magoo Rock,East,5.10a,140,5.10a,Sport,3.3,55,,26,0.12,0.75,-0.09,0,0,0,1,142,-2,-0.46,leans stiff,https://www.mountainproject.com/route/106026849,name,Magoo Rock,36.00549,-93.2861,sport,50,366.0,W,geo,1:30 pm–6:35 pm,"AM shade, PM sun",East-side cliff line.,
548,Memoirs of a Daisha,Magoo Rock,East,5.7,70,5.7,Sport,2.1,50,,28,0.26,0.98,-0.02,0,3,0,0,80,-10,-1.46,stiff,https://www.mountainproject.com/route/106556356,name,Magoo Rock,36.00549,-93.2861,sport,50,367.0,W,geo,1:30 pm–6:35 pm,"AM shade, PM sun",East-side cliff line.,
549,The Flying Daisha,Magoo Rock,East,5.6,60,5.6,Sport,1.8,45,,23,0.22,0.97,-0.03,0,0,0,0,72,-12,-0.52,leans stiff,https://www.mountainproject.com/route/106556367,name,Magoo Rock,36.00549,-93.2861,sport,45,368.0,W,geo,1:30 pm–6:35 pm,"AM shade, PM sun",East-side cliff line.,
550,Mixed Reviews,Magoo Rock,East,5.9-,110,5.9-,Sport,1.9,45,,13,0.05,0.9,-0.01,0,0,0,0,112,-2,-0.1,on grade,https://www.mountainproject.com/route/106556390,name,Magoo Rock,36.00549,-93.2861,sport,45,369.0,W,geo,1:30 pm–6:35 pm,"AM shade, PM sun",East-side cliff line.,
740,Bowlegged Cowboy,Wrangler Wall,East,5.8,90,5.8,Sport,2.2,40,Y,4,,1.0,0.03,0,0,0,0,,,0.08,on grade,https://www.mountainproject.com/route/124180262,name,Wrangler Wall,36.00586,-93.28586,sport,40,369.7,W,geo,1:30 pm–6:35 pm,"AM shade, PM sun",East-side cliff line.,
741,Cowboy Engineered,Wrangler Wall,East,5.8,90,5.8-,Sport,2.3,40,Y,4,,1.0,0.03,0,0,0,0,,,0.08,on grade,https://www.mountainproject.com/route/124180288,name,Wrangler Wall,36.00586,-93.28586,sport,40,369.89,W,geo,1:30 pm–6:35 pm,"AM shade, PM sun",East-side cliff line.,
551,The Inspiration,Wrangler Wall,East,5.7,70,5.7,Sport,2.2,35,Y,4,,0.98,-0.01,0,0,0,0,,,-0.02,on grade,https://www.mountainproject.com/route/118702704,name,Wrangler Wall,36.00586,-93.28586,sport,35,369.9,W,geo,1:30 pm–6:35 pm,"AM shade, PM sun",East-side cliff line.,
552,Ranahan,Wrangler Wall,East,5.7+,80,5.7+,Sport,2.5,35,Y,7,-0.24,0.98,-0.01,0,0,0,0,80,0,0.15,on grade,https://www.mountainproject.com/route/118702689,name,Wrangler Wall,36.00586,-93.28586,sport,35,369.91,W,geo,1:30 pm–6:35 pm,"AM shade, PM sun",East-side cliff line.,
553,Rustler,Wrangler Wall,East,5.7,80,5.7,Trad,2.3,35,,3,,1.0,0.01,0,0,0,0,,,0.02,on grade,https://www.mountainproject.com/route/118702672,name,Wrangler Wall,36.00586,-93.28586,trad,45,369.92,W,geo,1:30 pm–6:35 pm,"AM shade, PM sun",East-side cliff line.,
555,Searching for the Elephant,Wrangler Wall,East,5.8,100,5.8,Sport,2.6,53,Y,5,-0.27,0.98,0.02,0,0,0,0,92,8,0.17,on grade,https://www.mountainproject.com/route/118702663,name,Wrangler Wall,36.00586,-93.28586,sport,60,369.93,W,geo,1:30 pm–6:35 pm,"AM shade, PM sun",East-side cliff line.,
556,Randy's Crack,Wrangler Wall,East,5.8+,110,5.7+ PG13,Trad,2.2,45,,2,,0.96,-0.01,0,0,0,0,,,-0.03,on grade,https://www.mountainproject.com/route/121459943,name,Wrangler Wall,36.00586,-93.28586,trad,35,369.94,W,geo,1:30 pm–6:35 pm,"AM shade, PM sun",East-side cliff line.,
558,Bucked Off,Wrangler Wall,East,5.9,120,5.9,Sport,2.1,40,,4,,0.79,-0.13,0,0,0,0,,,-0.32,leans stiff,https://www.mountainproject.com/route/121459959,name,Wrangler Wall,36.00586,-93.28586,sport,35,369.95,W,geo,1:30 pm–6:35 pm,"AM shade, PM sun",East-side cliff line.,
559,Cowboys and Cowgirls,Wrangler Wall,East,5.8+,100,5.8,Sport,2.0,40,,4,,0.95,-0.02,0,0,0,0,,,-0.04,on grade,https://www.mountainproject.com/route/121459975,name,Wrangler Wall,36.00586,-93.28586,sport,35,369.96,W,geo,1:30 pm–6:35 pm,"AM shade, PM sun",East-side cliff line.,
560,Grant Sixteen,Roman Wall,East,5.8,90,5.8,Sport,2.5,50,,9,0.0,0.98,0.02,1,0,0,0,100,-10,0.34,leans soft,https://www.mountainproject.com/route/120052985,name,Warthog Wall,36.00554,-93.28526,sport,50,370.0,S,MP,8:10 am–6:00 pm,sun most of the day,South-facing gray wall left of Roman Wall (MP).,
561,Michael Thirteen,Roman Wall,East,5.9-,110,5.9-,Sport,2.3,55,,4,,0.91,-0.0,0,0,0,0,,,-0.01,on grade,https://www.mountainproject.com/route/120052993,name,Warthog Wall,36.00554,-93.28526,sport,55,371.0,S,MP,8:10 am–6:00 pm,sun most of the day,South-facing gray wall left of Roman Wall (MP).,
562,Warthog,Roman Wall,East,5.8+,100,5.8+,Sport,2.9,55,,7,-0.09,1.0,0.03,0,0,0,0,100,0,0.14,on grade,https://www.mountainproject.com/route/120053011,name,Warthog Wall,36.00554,-93.28526,sport,50,372.0,S,MP,8:10 am–6:00 pm,sun most of the day,South-facing gray wall left of Roman Wall (MP).,
563,Don't Be Gay,Roman Wall,East,5.11b,280,5.11b,Sport,2.4,65,,7,-0.07,0.6,0.07,0,0,0,0,248,32,0.22,on grade,https://www.mountainproject.com/route/106136673,name,Roman Wall,36.00546,-93.2851,sport,75,373.0,W,MP,1:30 pm–6:35 pm,"AM shade, PM sun",Afternoon sun (MP).,
564,Dont Be an Idiot,Roman Wall,East,5.4,50,5.4,Trad,1.3,50,,3,,1.0,,0,0,0,0,,,0.0,on grade,https://www.mountainproject.com/route/110169667,name,Roman Wall,36.00546,-93.2851,trad,50,374.0,W,MP,1:30 pm–6:35 pm,"AM shade, PM sun",Afternoon sun (MP).,
566,Gaius,Roman Wall,East,5.7+,90,5.7+,Trad,2.1,45,,12,-0.19,1.0,0.01,0,0,0,0,80,10,0.25,on grade,https://www.mountainproject.com/route/109665376,name,Roman Wall,36.00546,-93.2851,trad,40,375.0,W,MP,1:30 pm–6:35 pm,"AM shade, PM sun",Afternoon sun (MP).,
568,Commodus,Roman Wall,East,5.10a,140,5.10b,Sport,3.4,65,,102,0.9,0.82,-0.01,0,1,0,2,158,-18,-2.13,stiff,https://www.mountainproject.com/route/105970902,name,Roman Wall,36.00546,-93.2851,sport,40,376.0,W,MP,1:30 pm–6:35 pm,"AM shade, PM sun",Afternoon sun (MP).,
569,Maximus,Roman Wall,East,5.12a,350,5.12a,Sport,3.6,75,,26,-0.12,0.2,-0.36,1,1,1,0,345,5,-0.67,stiff,https://www.mountainproject.com/route/106730323,name,Roman Wall,36.00546,-93.2851,sport,35,377.0,W,MP,1:30 pm–6:35 pm,"AM shade, PM sun",Afternoon sun (MP).,
570,Spartacus,Roman Wall,East,5.11b,250,5.11b/c,Sport,3.1,65,,50,0.6,0.32,-0.21,0,0,0,0,268,-18,-1.73,stiff,https://www.mountainproject.com/route/105970913,name,Roman Wall,36.00546,-93.2851,sport,40,378.0,W,MP,1:30 pm–6:35 pm,"AM shade, PM sun",Afternoon sun (MP).,
571,Boronocus,Roman Wall,East,5.11c,310,5.11b/c,Sport,3.6,85,,39,-0.46,0.53,0.05,1,0,0,0,266,44,1.35,soft,https://www.mountainproject.com/route/105970909,name,Roman Wall,36.00546,-93.2851,sport,75,379.0,W,MP,1:30 pm–6:35 pm,"AM shade, PM sun",Afternoon sun (MP).,
572,Caesar's Tossed Salad,Roman Wall,East,5.10c,200,5.10c,Sport,3.1,75,,24,-0.04,0.74,-0.04,2,0,0,0,179,21,0.57,leans soft,https://www.mountainproject.com/route/106028601,name,Roman Wall,36.00546,-93.2851,sport,75,380.0,W,MP,1:30 pm–6:35 pm,"AM shade, PM sun",Afternoon sun (MP).,
573,Sybarite,Roman Wall,East,5.9+,130,5.9+,Sport,2.6,45,,47,0.06,0.77,-0.15,0,1,2,3,135,-5,-0.79,stiff,https://www.mountainproject.com/route/106028596,name,Roman Wall,36.00546,-93.2851,sport,40,381.0,W,MP,1:30 pm–6:35 pm,"AM shade, PM sun",Afternoon sun (MP).,
574,Centurion,Roman Wall,East,5.10a,140,5.10a,Sport,2.3,65,,21,0.1,0.83,-0.0,0,0,0,0,142,-2,-0.2,on grade,https://www.mountainproject.com/route/105970918,name,Roman Wall,36.00546,-93.2851,sport,40,382.0,W,MP,1:30 pm–6:35 pm,"AM shade, PM sun",Afternoon sun (MP).,
575,Sentinel Prime,Roman Wall,East,5.9+,130,5.9+,Sport,1.8,40,,12,-0.08,0.85,-0.07,0,0,0,0,132,-2,-0.07,on grade,https://www.mountainproject.com/route/108369703,name,Roman Wall,36.00546,-93.2851,sport,40,383.0,W,MP,1:30 pm–6:35 pm,"AM shade, PM sun",Afternoon sun (MP).,
576,Optimus Prime,Roman Wall,East,5.10b,160,5.10b,Sport,2.1,40,,8,-0.25,0.98,0.15,0,0,0,0,155,5,0.59,leans soft,https://www.mountainproject.com/route/108369713,name,Roman Wall,36.00546,-93.2851,sport,40,384.0,W,MP,1:30 pm–6:35 pm,"AM shade, PM sun",Afternoon sun (MP).,
577,Aphrodite,Roman Wall,East,5.8,90,5.7+,Sport,2.4,45,,49,-0.51,0.95,-0.01,0,0,0,1,85,5,0.98,soft,https://www.mountainproject.com/route/106264923,name,Roman Wall,36.00546,-93.2851,sport,40,385.0,W,MP,1:30 pm–6:35 pm,"AM shade, PM sun",Afternoon sun (MP).,
578,Arcee Prime,Roman Wall,East,5.7,70,5.7,Sport,2.5,40,,29,-0.09,0.98,-0.01,0,0,0,0,79,-9,0.16,on grade,https://www.mountainproject.com/route/108378597,name,Roman Wall,36.00546,-93.2851,sport,40,386.0,W,MP,1:30 pm–6:35 pm,"AM shade, PM sun",Afternoon sun (MP).,
579,Exploration Space,Roman Wall,East,5.8+,100,5.8+,Sport,1.6,35,,12,-0.03,0.96,-0.01,0,0,0,0,100,0,0.02,on grade,https://www.mountainproject.com/route/108378556,name,New Roman Wall,36.00568,-93.28545,sport,35,387.0,W,MP,1:30 pm–6:35 pm,"AM shade, PM sun",Sun in afternoon and evening (MP).,
580,Electric Daisy,Roman Wall,East,5.11b,250,5.11b,Sport,1.9,35,,9,0.06,0.5,-0.03,0,0,0,0,252,-2,-0.14,on grade,https://www.mountainproject.com/route/108378575,name,New Roman Wall,36.00568,-93.28545,sport,35,388.0,W,MP,1:30 pm–6:35 pm,"AM shade, PM sun",Sun in afternoon and evening (MP).,
581,Wild Kingdom,Roman Wall,East,5.8,100,5.8,Trad,1.9,35,,2,,0.89,-0.08,0,0,0,0,,,-0.2,on grade,https://www.mountainproject.com/route/110169723,name,New Roman Wall,36.00568,-93.28545,trad,35,389.0,W,MP,1:30 pm–6:35 pm,"AM shade, PM sun",Sun in afternoon and evening (MP).,
583,Drunken Munkey,Roman Wall,East,5.10b,160,5.10b,Sport,1.8,30,,2,,0.82,0.0,0,0,0,0,,,0.0,on grade,https://www.mountainproject.com/route/108378581,name,New Roman Wall,36.00568,-93.28545,sport,30,390.0,W,MP,1:30 pm–6:35 pm,"AM shade, PM sun",Sun in afternoon and evening (MP).,
584,The Biz,Roman Wall,East,5.10a,140,5.9+,Sport,1.5,25,,9,-1.3,0.9,0.07,0,0,0,0,112,28,1.34,soft,https://www.mountainproject.com/route/108378586,name,New Roman Wall,36.00568,-93.28545,sport,25,391.0,W,MP,1:30 pm–6:35 pm,"AM shade, PM sun",Sun in afternoon and evening (MP).,
585,Bass Down Low,Roman Wall,East,5.7,80,5.7,Trad,1.3,25,,2,,1.0,0.01,0,0,0,0,,,0.02,on grade,https://www.mountainproject.com/route/111109853,name,New Roman Wall,36.00568,-93.28545,trad,25,392.0,W,MP,1:30 pm–6:35 pm,"AM shade, PM sun",Sun in afternoon and evening (MP).,
587,Ghosts of Mississippi,Roman Wall,East,5.9+,140,5.9+,Trad,1.8,35,,2,,1.0,0.08,0,0,0,0,,,0.21,on grade,https://www.mountainproject.com/route/111109861,name,New Roman Wall,36.00568,-93.28545,trad,35,393.0,W,MP,1:30 pm–6:35 pm,"AM shade, PM sun",Sun in afternoon and evening (MP).,
589,Mexican Mija,Roman Wall,East,5.9+,130,5.9+,Sport,2.1,25,,9,-0.0,0.97,0.05,0,0,0,0,135,-5,0.13,on grade,https://www.mountainproject.com/route/108378617,name,Mexican Pillar,36.00506,-93.28468,sport,25,394.0,W,geo,1:30 pm–6:35 pm,"AM shade, PM sun",East-side cliff line.,
590,Mijo,Roman Wall,East,5.10b,160,5.10b,Sport,1.7,25,,8,-0.19,0.78,-0.04,0,0,0,0,156,4,0.05,on grade,https://www.mountainproject.com/route/108378630,name,Mexican Pillar,36.00506,-93.28468,sport,25,395.0,W,geo,1:30 pm–6:35 pm,"AM shade, PM sun",East-side cliff line.,
591,Nieta,Roman Wall,East,5.8,90,5.8,Sport,1.6,25,,7,-0.19,0.99,0.02,0,0,0,0,94,-4,0.18,on grade,https://www.mountainproject.com/route/108378637,name,Mexican Pillar,36.00506,-93.28468,sport,25,396.0,W,geo,1:30 pm–6:35 pm,"AM shade, PM sun",East-side cliff line.,
592,Neito,Roman Wall,East,5.7,70,5.7,Sport,1.4,25,,7,0.05,1.0,0.01,0,0,0,0,80,-10,-0.02,on grade,https://www.mountainproject.com/route/108378644,name,Mexican Pillar,36.00506,-93.28468,sport,25,397.0,W,geo,1:30 pm–6:35 pm,"AM shade, PM sun",East-side cliff line.,
593,One Piece at a Time,Cliffs of Insanity,East,5.7+,100,5.7+,Trad,1.6,60,,6,-0.22,1.0,0.01,0,0,0,0,80,20,0.15,on grade,https://www.mountainproject.com/route/109419508,name,Cliffs of Insanity,36.0049,-93.2846,trad,60,398.0,SW,MP,11:35 am–6:35 pm,"AM shade, PM sun",Baked by sun in summer (MP).,
595,Rubber Chicken,Cliffs of Insanity,East,5.6,70,5.7,Sport,2.4,65,,40,0.66,0.97,-0.03,0,3,1,0,77,-7,-2.31,stiff,https://www.mountainproject.com/route/106264941,name,Cliffs of Insanity,36.0049,-93.2846,sport,60,399.0,SW,MP,11:35 am–6:35 pm,"AM shade, PM sun",Baked by sun in summer (MP).,
596,Little Sprout,Cliffs of Insanity,East,5.6,70,5.6,Sport,2.5,65,,32,0.06,0.97,-0.03,0,0,0,0,71,-1,-0.19,on grade,https://www.mountainproject.com/route/106264952,name,Cliffs of Insanity,36.0049,-93.2846,sport,65,400.0,SW,MP,11:35 am–6:35 pm,"AM shade, PM sun",Baked by sun in summer (MP).,
597,Fesic,Cliffs of Insanity,East,5.6,70,5.6,Sport,2.4,65,,32,0.12,0.98,-0.02,0,0,0,2,71,-1,-0.29,leans stiff,https://www.mountainproject.com/route/106264960,name,Cliffs of Insanity,36.0049,-93.2846,sport,65,401.0,SW,MP,11:35 am–6:35 pm,"AM shade, PM sun",Baked by sun in summer (MP).,
598,The Man in Black,Cliffs of Insanity,East,5.7,80,5.7,Sport,2.1,65,,25,0.08,0.96,-0.03,0,1,0,0,80,0,-0.54,leans stiff,https://www.mountainproject.com/route/106264964,name,Cliffs of Insanity,36.0049,-93.2846,sport,65,402.0,SW,MP,11:35 am–6:35 pm,"AM shade, PM sun",Baked by sun in summer (MP).,
599,Swamp Rat,Cliffs of Insanity,East,5.8,100,5.8,Sport,3.6,70,,110,-0.03,0.94,-0.03,0,0,0,1,99,1,-0.01,on grade,https://www.mountainproject.com/route/106264981,name,Cliffs of Insanity,36.0049,-93.2846,sport,70,403.0,SW,MP,11:35 am–6:35 pm,"AM shade, PM sun",Baked by sun in summer (MP).,
600,Fashion Sense,Cliffs of Insanity,East,5.8,100,5.8 R,Sport,2.3,65,,26,-0.13,0.98,0.02,0,0,0,0,96,4,0.3,leans soft,https://www.mountainproject.com/route/106264972,name,Cliffs of Insanity,36.0049,-93.2846,sport,60,404.0,SW,MP,11:35 am–6:35 pm,"AM shade, PM sun",Baked by sun in summer (MP).,
601,Bolt Em All,Cliffs of Insanity,East,5.8,100,5.8,Sport,2.9,95,,18,0.04,0.99,0.02,0,0,0,0,100,0,-0.02,on grade,https://www.mountainproject.com/route/116749587,name,Cliffs of Insanity,36.0049,-93.2846,sport,90,404.1,SW,MP,11:35 am–6:35 pm,"AM shade, PM sun",Baked by sun in summer (MP).,
602,Fireworks in February,Cliffs of Insanity,East,5.8,100,5.8,Sport,2.4,75,,25,-0.32,1.0,0.03,0,0,0,0,90,10,0.71,soft,https://www.mountainproject.com/route/107109700,name,Cliffs of Insanity,36.0049,-93.2846,sport,100,405.0,SW,MP,11:35 am–6:35 pm,"AM shade, PM sun",Baked by sun in summer (MP).,
603,Buttercup Variation,Cliffs of Insanity,East,5.8,110,,,,,,,,,,,,,,,,0.0,no data,,not on MP,Cliffs of Insanity,36.0049,-93.2846,trad,100,405.9,SW,MP,11:35 am–6:35 pm,"AM shade, PM sun",Baked by sun in summer (MP).,
605,Dirty Thieving Bastards,Cliffs of Insanity,East,5.8,100,5.8,Sport,2.5,65,,15,-0.18,0.96,-0.01,0,0,0,0,95,5,0.24,on grade,https://www.mountainproject.com/route/108853918,name,Cliffs of Insanity,36.0049,-93.2846,sport,65,406.0,SW,MP,11:35 am–6:35 pm,"AM shade, PM sun",Baked by sun in summer (MP).,
606,Arizona Bay,Cliffs of Insanity,East,5.8,90,5.8,Sport,2.1,55,,13,0.26,0.97,0.01,0,0,0,0,100,-10,-0.32,leans stiff,https://www.mountainproject.com/route/108853935,name,Cliffs of Insanity,36.0049,-93.2846,sport,55,407.0,SW,MP,11:35 am–6:35 pm,"AM shade, PM sun",Baked by sun in summer (MP).,
607,Sphagnum Esplanade,Cliffs of Insanity,East,5.8,100,5.8,Sport,2.7,70,,17,-0.18,0.99,0.03,0,0,0,0,95,5,0.37,leans soft,https://www.mountainproject.com/route/107109731,name,Cliffs of Insanity,36.0049,-93.2846,sport,70,408.0,SW,MP,11:35 am–6:35 pm,"AM shade, PM sun",Baked by sun in summer (MP).,
608,Shanghai Summers,Cliffs of Insanity,East,5.9,130,5.9,Sport,3.1,70,,6,-0.05,0.95,0.03,0,0,0,0,123,7,0.12,on grade,https://www.mountainproject.com/route/125089470,name,Cliffs of Insanity,36.0049,-93.2846,sport,70,408.1,SW,MP,11:35 am–6:35 pm,"AM shade, PM sun",Baked by sun in summer (MP).,
609,Stinky Boots,Far East,East,5.10d,200,5.10d,Sport,2.5,50,,5,-0.2,0.85,0.26,0,1,0,0,196,4,0.46,leans soft,https://www.mountainproject.com/route/116154813,name,The Far East,36.00423,-93.28429,sport,50,409.0,W,geo,1:30 pm–6:35 pm,"AM shade, PM sun",East-side cliff line.,
610,Kinky Boots,Far East,East,5.10b,160,5.10d,Sport,2.5,55,,5,1.8,0.8,-0.02,0,0,0,0,196,-36,-0.96,stiff,https://www.mountainproject.com/route/109293296,name,The Far East,36.00423,-93.28429,sport,50,410.0,W,geo,1:30 pm–6:35 pm,"AM shade, PM sun",East-side cliff line.,
611,Happy Camper,Far East,East,5.8,100,5.8,Trad,1.0,50,,1,,,,0,0,0,0,,,0.0,on grade,https://www.mountainproject.com/route/113433331,name,The Far East,36.00423,-93.28429,trad,50,411.0,W,geo,1:30 pm–6:35 pm,"AM shade, PM sun",East-side cliff line.,
613,First Time Up,Far East,East,5.8+,110,5.8+,Trad,3.5,60,,21,-0.09,0.88,-0.09,0,1,0,0,100,10,-0.35,leans stiff,https://www.mountainproject.com/route/105988241,name,The Far East,36.00423,-93.28429,trad,50,412.0,W,geo,1:30 pm–6:35 pm,"AM shade, PM sun",East-side cliff line.,
615,Gracies Eight,Far East,East,5.8+,100,5.8+,Sport,3.1,55,,68,0.24,0.85,-0.12,0,2,1,3,107,-7,-1.38,stiff,https://www.mountainproject.com/route/106029776,name,The Far East,36.00423,-93.28429,sport,50,413.0,W,geo,1:30 pm–6:35 pm,"AM shade, PM sun",East-side cliff line.,
616,Stink Pretty,Far East,East,5.10d,200,5.10d,Sport,2.0,55,,2,,,,0,0,0,0,,,0.0,on grade,https://www.mountainproject.com/route/125598318,name,The Far East,36.00423,-93.28429,sport,50,413.1,W,geo,1:30 pm–6:35 pm,"AM shade, PM sun",East-side cliff line.,
617,The Farrier,Far East,East,5.11d,310,5.11d,Sport,3.0,40,,21,-0.19,0.31,0.0,0,0,0,1,304,6,0.39,leans soft,https://www.mountainproject.com/route/110559773,name,The Far East,36.00423,-93.28429,sport,30,414.0,W,geo,1:30 pm–6:35 pm,"AM shade, PM sun",East-side cliff line.,
618,Full Yellow Jacket,Far East,East,5.12b,390,5.12c,Sport,2.6,50,,3,,,,0,0,0,0,,,0.0,on grade,https://www.mountainproject.com/route/108104316,name,The Far East,36.00423,-93.28429,sport,20,415.0,W,geo,1:30 pm–6:35 pm,"AM shade, PM sun",East-side cliff line.,
619,Horseshoes and Hand Grenades,Far East,East,5.11a,250,5.11a,Sport,3.7,60,,125,-0.22,0.6,-0.01,4,0,1,9,216,34,1.62,soft,https://www.mountainproject.com/route/106026838,name,The Far East,36.00423,-93.28429,sport,60,416.0,W,geo,1:30 pm–6:35 pm,"AM shade, PM sun",East-side cliff line.,
620,Cowgirl Up,Far East,East,5.10a,160,5.10a/b,Sport,2.2,70,,10,0.6,0.69,-0.15,0,0,0,0,152,8,-0.96,stiff,https://www.mountainproject.com/route/109419639,name,The Far East,36.00423,-93.28429,sport,70,417.0,W,geo,1:30 pm–6:35 pm,"AM shade, PM sun",East-side cliff line.,
621,El Libro De Ruth,Far East,East,5.11c,310,5.11c,Sport,3.2,,,6,-0.25,0.67,0.19,0,0,0,1,272,38,0.63,soft,https://www.mountainproject.com/route/115461401,name,The Far East,36.00423,-93.28429,sport,65,418.0,W,geo,1:30 pm–6:35 pm,"AM shade, PM sun",East-side cliff line.,
622,Space Monkey,Far East,East,5.11c,310,5.11c,Sport,2.6,70,,4,,,,1,0,0,1,,,0.3,leans soft,https://www.mountainproject.com/route/110559759,name,The Far East,36.00423,-93.28429,sport,65,419.0,W,geo,1:30 pm–6:35 pm,"AM shade, PM sun",East-side cliff line.,
623,El Chupacabra,Far East,East,5.10b,160,5.10b,Sport,2.4,55,,10,0.1,0.9,0.08,0,0,1,0,162,-2,0.09,on grade,https://www.mountainproject.com/route/107109678,name,The Far East,36.00423,-93.28429,sport,55,420.0,W,geo,1:30 pm–6:35 pm,"AM shade, PM sun",East-side cliff line.,
624,Pills on an Empty Stomach,Far East,East,5.8+,110,5.8+,Trad,2.2,55,,3,,,,0,0,0,0,,,0.0,on grade,https://www.mountainproject.com/route/113412306,name,The Far East,36.00423,-93.28429,trad,55,421.0,W,geo,1:30 pm–6:35 pm,"AM shade, PM sun",East-side cliff line.,
626,Recidivist,Far East,East,5.10b,160,5.10b,Sport,2.8,55,,17,0.38,0.64,-0.19,0,1,1,1,168,-8,-1.41,stiff,https://www.mountainproject.com/route/106961673,name,The Far East,36.00423,-93.28429,sport,55,422.0,W,geo,1:30 pm–6:35 pm,"AM shade, PM sun",East-side cliff line.,
627,Emotional Content,Far East,East,5.10c,200,5.10b,Sport,2.8,60,,36,-0.65,0.73,-0.05,0,0,0,1,167,33,1.17,soft,https://www.mountainproject.com/route/105988235,name,The Far East,36.00423,-93.28429,sport,60,423.0,W,geo,1:30 pm–6:35 pm,"AM shade, PM sun",East-side cliff line.,
628,Knock Knock,Far East,East,5.10b,180,5.10b,Sport,3.4,60,,26,-0.12,0.85,0.03,0,0,0,0,158,22,0.31,leans soft,https://www.mountainproject.com/route/116816089,name,The Far East,36.00423,-93.28429,sport,60,423.1,W,geo,1:30 pm–6:35 pm,"AM shade, PM sun",East-side cliff line.,
631,Alesia,Far East,East,5.11d,310,5.11d PG13,"Trad, Sport",2.8,90,,6,0.17,0.48,0.18,0,0,0,0,317,-7,0.34,leans soft,https://www.mountainproject.com/route/108765514,name,The Far East,36.00423,-93.28429,sport,30,424.0,W,geo,1:30 pm–6:35 pm,"AM shade, PM sun",East-side cliff line.,
629,Manked,Far East,East,5.9-,130,5.9-,Trad,2.3,60,,2,,0.93,0.02,0,0,0,0,,,0.04,on grade,https://www.mountainproject.com/route/112222016,name,The Far East,36.00423,-93.28429,trad,65,425.0,W,geo,1:30 pm–6:35 pm,"AM shade, PM sun",East-side cliff line.,
632,King Kong,Far East,East,5.11a,250,5.11a,Sport,3.4,60,,38,0.09,0.68,0.06,0,0,0,2,223,27,-0.02,on grade,https://www.mountainproject.com/route/106099195,name,The Far East,36.00423,-93.28429,sport,60,426.0,W,geo,1:30 pm–6:35 pm,"AM shade, PM sun",East-side cliff line.,
633,Spine Tingler,Far East,East,5.11c,310,5.11d,Sport,2.5,55,,11,1.18,0.21,-0.27,0,0,0,0,317,-7,-1.96,stiff,https://www.mountainproject.com/route/106115307,name,The Far East,36.00423,-93.28429,sport,60,427.0,W,geo,1:30 pm–6:35 pm,"AM shade, PM sun",East-side cliff line.,
634,Spine Tingler Direct,Far East,East,5.12a,390,,,,,,,,,,,,,,,,0.0,no data,,not on MP,The Far East,36.00423,-93.28429,sport,60,428.0,W,geo,1:30 pm–6:35 pm,"AM shade, PM sun",East-side cliff line.,
635,Bury the Boot,Far East,East,5.9,130,5.9,Trad,1.0,45,,1,,,,0,0,0,0,,,0.0,on grade,https://www.mountainproject.com/route/113412292,name,The Far East,36.00423,-93.28429,trad,45,429.0,W,geo,1:30 pm–6:35 pm,"AM shade, PM sun",East-side cliff line.,
637,Tuff Gong,Far East,East,5.10d,200,5.10+,Sport,1.7,40,,3,,,,0,0,0,0,,,0.0,on grade,https://www.mountainproject.com/route/106562474,name,The Far East,36.00423,-93.28429,sport,40,430.0,W,geo,1:30 pm–6:35 pm,"AM shade, PM sun",East-side cliff line.,
638,Filthy Sanchez,Far East,East,5.10d,200,5.11b,Sport,2.8,55,,13,1.27,0.5,-0.09,0,0,0,0,228,-28,-1.87,stiff,https://www.mountainproject.com/route/106136662,name,The Far East,36.00423,-93.28429,sport,55,431.0,W,geo,1:30 pm–6:35 pm,"AM shade, PM sun",East-side cliff line.,
639,Blood Brothers,Far East,East,5.9,130,5.9 R,Trad,2.0,55,,1,,,,0,0,0,0,,,0.0,on grade,https://www.mountainproject.com/route/200559964,name,The Far East,36.00423,-93.28429,trad,55,432.0,W,geo,1:30 pm–6:35 pm,"AM shade, PM sun",East-side cliff line.,
641,Montezuma's Toe,Far East,East,5.8,90,5.8+,Sport,2.5,40,Y,33,0.31,0.86,-0.11,0,0,0,0,100,-10,-0.89,stiff,https://www.mountainproject.com/route/106136655,name,The Far East,36.00423,-93.28429,sport,50,433.0,W,geo,1:30 pm–6:35 pm,"AM shade, PM sun",East-side cliff line.,
642,Montezuma's Revenge,Far East,East,5.8,110,5.8,Trad,2.0,,,3,,1.0,0.03,0,0,0,0,,,0.08,on grade,https://www.mountainproject.com/route/112568762,name,The Far East,36.00423,-93.28429,trad,80,434.0,W,geo,1:30 pm–6:35 pm,"AM shade, PM sun",East-side cliff line.,
644,Pieces of Eight,Far East,East,5.11a,250,5.11b,Sport,3.2,60,,8,1.44,0.38,-0.24,0,0,0,1,263,-13,-1.75,stiff,https://www.mountainproject.com/route/106136316,name,The Far East,36.00423,-93.28429,sport,80,435.0,W,geo,1:30 pm–6:35 pm,"AM shade, PM sun",East-side cliff line.,
645,The Vodka Diet,Far East,East,5.12a,440,5.12a/b PG13,Trad,2.0,70,,1,,,,0,0,0,0,,,0.0,on grade,https://www.mountainproject.com/route/108882859,name,The Far East,36.00423,-93.28429,trad,65,436.0,W,geo,1:30 pm–6:35 pm,"AM shade, PM sun",East-side cliff line.,
647,September Hero,Far East,East,5.10b,180,5.10a,Sport,1.8,60,,7,-0.62,0.65,-0.17,0,0,0,0,148,32,0.0,on grade,https://www.mountainproject.com/route/106031318,name,The Far East,36.00423,-93.28429,sport,60,437.0,W,geo,1:30 pm–6:35 pm,"AM shade, PM sun",East-side cliff line.,
648,Supersoul Sureshot,Far East,East,5.12c,440,5.12c,Sport,3.9,55,,27,0.15,0.02,,1,0,0,1,448,-8,-0.0,on grade,https://www.mountainproject.com/route/105988238,name,The Far East,36.00423,-93.28429,sport,55,438.0,W,geo,1:30 pm–6:35 pm,"AM shade, PM sun",East-side cliff line.,
649,Plumb Bob,Far East,East,5.11a,250,5.11a,Sport,2.8,60,,23,0.17,0.75,0.14,0,0,0,1,225,25,0.0,on grade,https://www.mountainproject.com/route/105988232,name,The Far East,36.00423,-93.28429,sport,60,439.0,W,geo,1:30 pm–6:35 pm,"AM shade, PM sun",East-side cliff line.,
650,Purple Nehi,Far East,East,5.11b,280,5.11b/c,Sport,3.6,65,,52,0.45,0.52,-0.01,0,0,0,0,264,16,-0.93,stiff,https://www.mountainproject.com/route/106207924,name,The Far East,36.00423,-93.28429,sport,60,440.0,W,geo,1:30 pm–6:35 pm,"AM shade, PM sun",East-side cliff line.,
651,Orange Crush,Far East,East,5.9+,140,5.9+,Sport,3.5,80,,115,0.04,0.75,-0.17,1,1,1,1,135,5,-0.51,leans stiff,https://www.mountainproject.com/route/105988227,name,The Far East,36.00423,-93.28429,sport,80,441.0,W,geo,1:30 pm–6:35 pm,"AM shade, PM sun",East-side cliff line.,
708,Carrion Crack,The Carrion Cube,Valley Floor,5.7,80,,,,,,,,,,,,,,,,0.0,no data,,not on MP,The Carrion Cube,36.00483,-93.29054,trad,35,442.0,mixed,geo,varies by face,mixed,Freestanding block on the valley floor.,
710,Pocket Full of Teeth,The Carrion Cube,Valley Floor,5.10d,200,5.10d PG13,Sport,2.0,35,,1,,,,0,0,0,0,,,0.0,on grade,https://www.mountainproject.com/route/202129836,name,The Carrion Cube,36.00483,-93.29054,sport,35,443.0,mixed,geo,varies by face,mixed,Freestanding block on the valley floor.,
711,Dirt Nap,The Carrion Cube,Valley Floor,5.11a,220,,,,,,,,,,,,,,,,0.0,no data,,not on MP,The Carrion Cube,36.00483,-93.29054,sport,35,444.0,mixed,geo,varies by face,mixed,Freestanding block on the valley floor.,
712,Little Whiff of Sunshine,The Carrion Cube,Valley Floor,5.11b,250,,,,,,,,,,,,,,,,0.0,no data,,not on MP,The Carrion Cube,36.00483,-93.29054,sport,30,445.0,mixed,geo,varies by face,mixed,Freestanding block on the valley floor.,
713,The Boneyard,The Carrion Cube,Valley Floor,5.11c,280,,,,,,,,,,,,,,,,0.0,no data,,not on MP,The Carrion Cube,36.00483,-93.29054,sport,30,446.0,mixed,geo,varies by face,mixed,Freestanding block on the valley floor.,
714,Death by Pollen,The Carrion Cube,Valley Floor,5.10a,140,,,,,,,,,,,,,,,,0.0,no data,,not on MP,The Carrion Cube,36.00483,-93.29054,sport,25,447.0,mixed,geo,varies by face,mixed,Freestanding block on the valley floor.,
715,The Killing Tree,The Carrion Cube,Valley Floor,5.11a,220,,,,,,,,,,,,,,,,0.0,no data,,not on MP,The Carrion Cube,36.00483,-93.29054,sport,30,449.0,mixed,geo,varies by face,mixed,Freestanding block on the valley floor.,
,Fifteen Degrees,(not in 2026 comp list),,,,5.6 PG13,Sport,2.0,50,,1,,,,0,0,0,0,,,0.0,on grade,https://www.mountainproject.com/route/127389564,MP only,North Forty Routes,36.00881,-93.29549,,,,S,MP,8:10 am–6:00 pm,sun most of the day,Generally south-facing with exceptions; can chase shade (MP).,
,Something for Jewell,(not in 2026 comp list),,,,5.8,Sport,2.2,40,,2,,1.0,0.03,0,0,0,0,,,0.08,on grade,https://www.mountainproject.com/route/109567172,MP only,North Forty Routes,36.00881,-93.29549,,,,S,MP,8:10 am–6:00 pm,sun most of the day,Generally south-facing with exceptions; can chase shade (MP).,
,The Snickelfritz,(not in 2026 comp list),,,,5.8,Trad,2.2,50,,2,,,,0,0,0,0,,,0.0,on grade,https://www.mountainproject.com/route/122073735,MP only,North Forty Routes,36.00881,-93.29549,,,,S,MP,8:10 am–6:00 pm,sun most of the day,Generally south-facing with exceptions; can chase shade (MP).,
,Jewell Says,(not in 2026 comp list),,,,5.8+,Sport,2.3,40,,2,,1.0,0.03,0,0,0,0,,,0.08,on grade,https://www.mountainproject.com/route/109567164,MP only,North Forty Routes,36.00881,-93.29549,,,,S,MP,8:10 am–6:00 pm,sun most of the day,Generally south-facing with exceptions; can chase shade (MP).,
,Season of the Corn,(not in 2026 comp list),,,,5.8+ PG13,Sport,3.5,130,,1,,,,0,0,0,0,,,0.0,on grade,https://www.mountainproject.com/route/125764497,MP only,North Forty Routes,36.00881,-93.29549,,,,S,MP,8:10 am–6:00 pm,sun most of the day,Generally south-facing with exceptions; can chase shade (MP).,
,The Hendrix Experience,(not in 2026 comp list),,,,5.9,Sport,2.2,35,,6,-0.17,0.93,0.01,0,0,0,0,,,0.13,on grade,https://www.mountainproject.com/route/125907709,MP only,North Forty Routes,36.00881,-93.29549,,,,S,MP,8:10 am–6:00 pm,sun most of the day,Generally south-facing with exceptions; can chase shade (MP).,
,Big Fat Grinder,(not in 2026 comp list),,,,5.11b,Sport,3.3,70,,1,,,,0,0,0,0,,,0.0,on grade,https://www.mountainproject.com/route/117243392,MP only,North Forty Routes,36.00881,-93.29549,,,,S,MP,8:10 am–6:00 pm,sun most of the day,Generally south-facing with exceptions; can chase shade (MP).,
,Big Hand,(not in 2026 comp list),,,,5.11b,Sport,3.5,65,,3,,0.35,-0.18,0,0,0,0,,,-0.45,leans stiff,https://www.mountainproject.com/route/117243426,MP only,North Forty Routes,36.00881,-93.29549,,,,S,MP,8:10 am–6:00 pm,sun most of the day,Generally south-facing with exceptions; can chase shade (MP).,
,Groovy Low,(not in 2026 comp list),,,,5.11c V3,"Sport, Boulder",2.3,,,3,,,,0,0,0,0,,,0.0,on grade,https://www.mountainproject.com/route/120594364,MP only,North Forty Routes,36.00881,-93.29549,,,,S,MP,8:10 am–6:00 pm,sun most of the day,Generally south-facing with exceptions; can chase shade (MP).,
,LoveMember,(not in 2026 comp list),,,,5.11c/d,Sport,3.5,40,,2,,,,0,0,0,0,,,0.0,on grade,https://www.mountainproject.com/route/113579109,MP only,North Forty Routes,36.00881,-93.29549,,,,S,MP,8:10 am–6:00 pm,sun most of the day,Generally south-facing with exceptions; can chase shade (MP).,
,Fat Grinder,(not in 2026 comp list),,,,5.12a,Sport,3.7,65,,6,-0.17,0.62,0.06,0,0,0,0,,,0.24,on grade,https://www.mountainproject.com/route/114322083,MP only,North Forty Routes,36.00881,-93.29549,,,,S,MP,8:10 am–6:00 pm,sun most of the day,Generally south-facing with exceptions; can chase shade (MP).,
,Fat Top,(not in 2026 comp list),,,,5.12a,Sport,3.2,65,,4,,0.69,0.13,0,0,0,0,,,0.32,leans soft,https://www.mountainproject.com/route/117243372,MP only,North Forty Routes,36.00881,-93.29549,,,,S,MP,8:10 am–6:00 pm,sun most of the day,Generally south-facing with exceptions; can chase shade (MP).,
,Hit Boy,(not in 2026 comp list),,,,5.12a,Sport,3.0,45,,1,,,,0,0,0,0,,,0.0,on grade,https://www.mountainproject.com/route/125948809,MP only,North Forty Routes,36.00881,-93.29549,,,,S,MP,8:10 am–6:00 pm,sun most of the day,Generally south-facing with exceptions; can chase shade (MP).,
,Hit Girl,(not in 2026 comp list),,,,5.13b,Sport,3.0,45,,1,,,,0,0,0,0,,,0.0,on grade,https://www.mountainproject.com/route/127260151,MP only,North Forty Routes,36.00881,-93.29549,,,,S,MP,8:10 am–6:00 pm,sun most of the day,Generally south-facing with exceptions; can chase shade (MP).,
,A Little Further Left,(not in 2026 comp list),,,,5.7,Trad,2.0,40,,1,,,,0,0,0,0,,,0.0,on grade,https://www.mountainproject.com/route/203915372,MP only,Kindergarten Boulder,36.00878,-93.29377,,,,S,geo,8:10 am–6:00 pm,sun most of the day,Freestanding boulder on the north side; faces vary.,
,Crackhouse Alley 5493,(not in 2026 comp list),,,,5.8,Trad,2.0,60,,3,,,,0,0,0,0,,,0.0,on grade,https://www.mountainproject.com/route/115545493,MP only,Crackhouse Alley,35.99981,-93.29369,,,,E,MP,7:35 am–12:40 pm,"AM sun, PM shade (trees/terrain add shade)",Lots of shade (MP).,
,Marronera,(not in 2026 comp list),,,,5.8,Sport,2.0,60,,4,,,,0,0,0,0,,,0.0,on grade,https://www.mountainproject.com/route/202680420,MP only,Crackhouse Alley,35.99981,-93.29369,,,,E,MP,7:35 am–12:40 pm,"AM sun, PM shade (trees/terrain add shade)",Lots of shade (MP).,
,Boronocus Salad,(not in 2026 comp list),,,,5.11a,Sport,3.5,85,,7,0.57,0.57,-0.04,0,0,0,0,,,-0.5,leans stiff,https://www.mountainproject.com/route/108484266,MP only,Roman Wall,36.00546,-93.2851,,,,W,MP,1:30 pm–6:35 pm,"AM shade, PM sun",Afternoon sun (MP).,
,Junk Bus,(not in 2026 comp list),,,,5.12b,Sport,1.0,,,1,,,,0,0,0,0,,,0.0,on grade,https://www.mountainproject.com/route/107424411,MP only,Goat Cave,36.01125,-93.2879,,,,SE,MP,7:35 am–2:35 pm,AM to early PM sun (trees/terrain add shade),Shade in the afternoon (MP); cave roof stays shaded.,
,Flabby Armed Spanking Machine,(not in 2026 comp list),,,,5.12c,Sport,1.0,45,,1,,,,0,0,0,0,,,0.0,on grade,https://www.mountainproject.com/route/107424414,MP only,Goat Cave,36.01125,-93.2879,,,,SE,MP,7:35 am–2:35 pm,AM to early PM sun (trees/terrain add shade),Shade in the afternoon (MP); cave roof stays shaded.,
,Good Rain,(not in 2026 comp list),,,,5.10d,Sport,2.5,60,,7,-0.21,0.62,0.03,0,1,0,0,,,-0.07,on grade,https://www.mountainproject.com/route/116972125,MP only,The Far East,36.00423,-93.28429,,,,W,geo,1:30 pm–6:35 pm,"AM shade, PM sun",East-side cliff line.,
,Ramp Up the Insanity,(not in 2026 comp list),,,,Easy 5th,Trad,2.0,100,,0,,,,0,0,0,0,,,0.0,on grade,https://www.mountainproject.com/route/121388890,MP only,Cliffs of Insanity,36.0049,-93.2846,,,,SW,MP,11:35 am–6:35 pm,"AM shade, PM sun",Baked by sun in summer (MP).,
,Krusty Panties,(not in 2026 comp list),,,,5.6,Trad,2.9,120,,5,0.0,1.0,0.0,0,1,0,0,,,-0.3,leans stiff,https://www.mountainproject.com/route/117986586,MP only,Cliffs of Insanity,36.0049,-93.2846,,,,SW,MP,11:35 am–6:35 pm,"AM shade, PM sun",Baked by sun in summer (MP).,
,Ropebelt,(not in 2026 comp list),,,,5.8,Trad,3.0,300,,2,,,,0,0,0,0,,,0.0,on grade,https://www.mountainproject.com/route/119139498,MP only,Cliffs of Insanity,36.0049,-93.2846,,,,SW,MP,11:35 am–6:35 pm,"AM shade, PM sun",Baked by sun in summer (MP).,
,Stereo Love,(not in 2026 comp list),,,,5.10a,Sport,1.8,35,,6,0.33,0.83,0.0,0,0,0,0,,,-0.2,on grade,https://www.mountainproject.com/route/108378571,MP only,New Roman Wall,36.00568,-93.28545,,,,W,MP,1:30 pm–6:35 pm,"AM shade, PM sun",Sun in afternoon and evening (MP).,
,Cowboy Coffee,(not in 2026 comp list),,,,5.7+,Sport,2.0,40,,2,,,,0,0,0,0,,,0.0,on grade,https://www.mountainproject.com/route/202107595,MP only,Wrangler Wall,36.00586,-93.28586,,,,W,geo,1:30 pm–6:35 pm,"AM shade, PM sun",East-side cliff line.,
